reference,title,type,issn,part-of,url,reading-lists,eissn,doi
000E19C1-9C6C-011D-2FF4-EA27A4154BE2,Science and Complexity,article,00030996,American Scientist,http://readinglists.ucl.ac.uk/items/000E19C1-9C6C-011D-2FF4-EA27A4154BE2.html,2F2A7E4B-B152-BF2B-F545-9CA96493F756:Optional,,
0104C26A-3CD5-3AE2-C54A-D3D1FD5DAA4E,Make: Sensors - Make_Sensors_9781449368104.pdf,document,,,http://readinglists.ucl.ac.uk/items/0104C26A-3CD5-3AE2-C54A-D3D1FD5DAA4E.html,AEDE270D-2CDE-A8DD-D05F-2D85E0F4FEA1:Optional,,
0159DECA-E0F8-0762-0C35-BA1CFC6F0980,"Being a ‘citizen’ in the smart city: up and down the scaffold of smart citizen participation in Dublin, Ireland",article,0343-2521,GeoJournal,http://readinglists.ucl.ac.uk/items/0159DECA-E0F8-0762-0C35-BA1CFC6F0980.html,AEDE270D-2CDE-A8DD-D05F-2D85E0F4FEA1:Recommended,1572-9893,10.1007/s10708-018-9845-8
01C79436-2390-6705-4397-B20CF8AA700A,Nick Bearman's RPubs website,webpage,,,http://readinglists.ucl.ac.uk/items/01C79436-2390-6705-4397-B20CF8AA700A.html,F66757BF-E61E-B8BB-95A0-1F25B51E3818,,
03338EF1-7581-BF55-95D0-62090F85070B,Happy Git and GitHub for the useR,website,,,http://readinglists.ucl.ac.uk/items/03338EF1-7581-BF55-95D0-62090F85070B.html,F66757BF-E61E-B8BB-95A0-1F25B51E3818,,
05356619-8698-0BB1-998E-2F70AF2659CD,spatstat - spatstat website,website,,,http://readinglists.ucl.ac.uk/items/05356619-8698-0BB1-998E-2F70AF2659CD.html,F66757BF-E61E-B8BB-95A0-1F25B51E3818,,
055771A4-893E-EDF3-1C83-1CDA5FC16CD5,"Interactive web-based data visualization with R, plotly, and shiny",webpage,,,http://readinglists.ucl.ac.uk/items/055771A4-893E-EDF3-1C83-1CDA5FC16CD5.html,F66757BF-E61E-B8BB-95A0-1F25B51E3818,,
057D6A70-FA70-CB29-3039-C7DDB11C7D79,Residential mobility and neighbourhood change (chapter 10),chapter,,Urban geography: a global perspective,http://readinglists.ucl.ac.uk/items/057D6A70-FA70-CB29-3039-C7DDB11C7D79.html,2F2A7E4B-B152-BF2B-F545-9CA96493F756:Optional,,
05F240C1-CC53-0D11-63D8-6A0ABF3BEFA0,The Geographically Weighted Regression Framework,article,,Geographic Information Science &amp; Technology Body of Knowledge,http://readinglists.ucl.ac.uk/items/05F240C1-CC53-0D11-63D8-6A0ABF3BEFA0.html,14F7EC69-3236-486A-5D3B-01B939E718AE:Optional,25772848,10.22224/gistbok/2020.4.7
086415BF-16B5-FA00-C6F6-9B515A4EBC58,Inclusive and Healthy Mobility: Understanding Trends in Concessionary Travel in the West Midlands,webpage,,,http://readinglists.ucl.ac.uk/items/086415BF-16B5-FA00-C6F6-9B515A4EBC58.html,2F2A7E4B-B152-BF2B-F545-9CA96493F756:Optional,,
08BB5969-6927-F355-AAA1-A07C5A6A9F89,A geoprivacy manifesto,article,,Transactions in GIS,http://readinglists.ucl.ac.uk/items/08BB5969-6927-F355-AAA1-A07C5A6A9F89.html,AEDE270D-2CDE-A8DD-D05F-2D85E0F4FEA1:Optional,,10.1111/tgis.12305
098DD2D8-2013-FA8B-76CA-4D16D842A08C,Politicising space and place,article,0036-9225,Scottish Geographical Magazine,http://readinglists.ucl.ac.uk/items/098DD2D8-2013-FA8B-76CA-4D16D842A08C.html,14F7EC69-3236-486A-5D3B-01B939E718AE:Essential,,10.1080/14702549608554458
09F37650-337D-C07A-B403-0230FF41A771,Intergenerational transmission of neighbourhood poverty: an analysis of neighbourhood histories of individuals,article,,Transactions of the Institute of British Geographers,http://readinglists.ucl.ac.uk/items/09F37650-337D-C07A-B403-0230FF41A771.html,2F2A7E4B-B152-BF2B-F545-9CA96493F756:Optional,,10.1111/tran.12040
0B9C9A1B-55BC-925A-EEAB-E9749F6FEE4A,ETSI : Smart Cities,webpage,,,http://readinglists.ucl.ac.uk/items/0B9C9A1B-55BC-925A-EEAB-E9749F6FEE4A.html,AEDE270D-2CDE-A8DD-D05F-2D85E0F4FEA1:Optional,,
0D5123F1-9661-8264-F6A7-885528480758,Philosophical Perspectives,article,,Geographic Information Science &amp; Technology Body of Knowledge,http://readinglists.ucl.ac.uk/items/0D5123F1-9661-8264-F6A7-885528480758.html,14F7EC69-3236-486A-5D3B-01B939E718AE:Optional,25772848,10.22224/gistbok/2020.2.1
0E7DFDF8-AB1A-03D6-8FF1-9E94694E1A8F,Teaching ethics when working with geocoded data: a novel experiential learning approach,article,0309-8265,Journal of Geography in Higher Education,http://readinglists.ucl.ac.uk/items/0E7DFDF8-AB1A-03D6-8FF1-9E94694E1A8F.html,14F7EC69-3236-486A-5D3B-01B939E718AE:Optional,1466-1845,10.1080/03098265.2018.1436534
0EDD527E-E76F-776C-1405-E033C7B6FF42,Is this scaling nonlinear?,article,,Royal Society Open Science,http://readinglists.ucl.ac.uk/items/0EDD527E-E76F-776C-1405-E033C7B6FF42.html,2F2A7E4B-B152-BF2B-F545-9CA96493F756:Optional,2054-5703,10.1098/rsos.150649
0F04DCBC-492B-6772-3085-86292EA26195,Local Measures of Spatial Association,article,,Geographic Information Science &amp; Technology Body of Knowledge,http://readinglists.ucl.ac.uk/items/0F04DCBC-492B-6772-3085-86292EA26195.html,14F7EC69-3236-486A-5D3B-01B939E718AE:Optional,25772848,10.22224/gistbok/2020.3.10
0FACE8AE-F39D-048F-CA63-F128E917DA62,City approaches to smart city evaluation and reporting: case studies in the United Kingdom,article,1753-5069,Urban Research &amp; Practice,http://readinglists.ucl.ac.uk/items/0FACE8AE-F39D-048F-CA63-F128E917DA62.html,AEDE270D-2CDE-A8DD-D05F-2D85E0F4FEA1:Recommended,1753-5077,10.1080/17535069.2017.1317828
0FC279B7-65DE-F736-66AF-90242341EB23,GIS and Cartography,chapter,,International Encyclopedia of Human Geography,http://readinglists.ucl.ac.uk/items/0FC279B7-65DE-F736-66AF-90242341EB23.html,F66757BF-E61E-B8BB-95A0-1F25B51E3818:Essential,,
10B940D3-7EF6-492C-1E8C-4A3FEB14D080,Duncan Wilson's Pinboard of bookmarks fon Smart Cities CPG,webpage,,,http://readinglists.ucl.ac.uk/items/10B940D3-7EF6-492C-1E8C-4A3FEB14D080.html,AEDE270D-2CDE-A8DD-D05F-2D85E0F4FEA1:Optional,,
1293D006-A2CC-842B-2782-319ABFAC7663,The ICO and artificial intelligence: The role of fairness in the GDPR framework,article,02673649,Computer Law &amp; Security Review,http://readinglists.ucl.ac.uk/items/1293D006-A2CC-842B-2782-319ABFAC7663.html,AEDE270D-2CDE-A8DD-D05F-2D85E0F4FEA1:Optional,,10.1016/j.clsr.2018.01.004
130C4BDC-581F-92D9-FC55-8AD17BAEE10B,Spatial Filtering/Kernel Density Estimation,chapter,,International Encyclopedia of Human Geography,http://readinglists.ucl.ac.uk/items/130C4BDC-581F-92D9-FC55-8AD17BAEE10B.html,F66757BF-E61E-B8BB-95A0-1F25B51E3818,,
13CB69EE-1095-60D6-BF79-02E7740A5F23,"Living Labs: Users, Citizens and Transitions",chapter,,The experimental city,http://readinglists.ucl.ac.uk/items/13CB69EE-1095-60D6-BF79-02E7740A5F23.html,AEDE270D-2CDE-A8DD-D05F-2D85E0F4FEA1:Optional,,
1417B821-55CE-5BC9-B5C5-F910442B0CB1,How Long Is the Coast of Britain? Statistical Self-Similarity and Fractional Dimension,article,0036-8075,Science,http://readinglists.ucl.ac.uk/items/1417B821-55CE-5BC9-B5C5-F910442B0CB1.html,2F2A7E4B-B152-BF2B-F545-9CA96493F756:Optional,1095-9203,10.1126/science.156.3775.636
1677BE0E-618A-CB95-57BA-69AB75AA4494,"Analytical study of land surface temperature with NDVI and NDBI using Landsat 8 OLI and TIRS data in Florence and Naples city, Italy",article,,European Journal of Remote Sensing,http://readinglists.ucl.ac.uk/items/1677BE0E-618A-CB95-57BA-69AB75AA4494.html,F66757BF-E61E-B8BB-95A0-1F25B51E3818,2279-7254,10.1080/22797254.2018.1474494
17429F6A-3E91-F031-A30C-3AC57217A58E,How Airbnb's Data Hid the Facts in New York City,webpage,,,http://readinglists.ucl.ac.uk/items/17429F6A-3E91-F031-A30C-3AC57217A58E.html,14F7EC69-3236-486A-5D3B-01B939E718AE:Essential,,
17AB1A84-9320-FBEE-1960-FD7E1A442582,Foundations for Smarter Cities,article,0018-8646,IBM Journal of Research and Development,http://readinglists.ucl.ac.uk/items/17AB1A84-9320-FBEE-1960-FD7E1A442582.html,AEDE270D-2CDE-A8DD-D05F-2D85E0F4FEA1:Optional,0018-8646,10.1147/JRD.2010.2048257
186BAC9D-731A-EF4C-43C4-949FF2E14BDC,Improving urban health equity through action on the social and environmental determinants of health,document,,,http://readinglists.ucl.ac.uk/items/186BAC9D-731A-EF4C-43C4-949FF2E14BDC.html,2F2A7E4B-B152-BF2B-F545-9CA96493F756:Optional,,
18943331-37AE-14CE-1CE7-723F3461C2FD,"Dragon-Kings, Black Swans and the Prediction of Crises",article,,International Journal of Terraspace Science and Engineering 2(1),http://readinglists.ucl.ac.uk/items/18943331-37AE-14CE-1CE7-723F3461C2FD.html,2F2A7E4B-B152-BF2B-F545-9CA96493F756:Optional,,
18E24DFB-429D-6228-9C56-2CAA86178B2E,Measures of Spatial Segregation,article,0081-1750,Sociological Methodology,http://readinglists.ucl.ac.uk/items/18E24DFB-429D-6228-9C56-2CAA86178B2E.html,2F2A7E4B-B152-BF2B-F545-9CA96493F756:Optional,,
1981A84F-2710-9154-8BE2-0ECEE880D8A3,Theses on Urbanization,article,0899-2363,Public Culture,http://readinglists.ucl.ac.uk/items/1981A84F-2710-9154-8BE2-0ECEE880D8A3.html,2F2A7E4B-B152-BF2B-F545-9CA96493F756:Essential,1527-8018,10.1215/08992363-1890477
19B40D92-B51B-D005-A359-F836C9A794B8,"Regression, Linear and Nonlinear",chapter,,International Encyclopedia of Human Geography,http://readinglists.ucl.ac.uk/items/19B40D92-B51B-D005-A359-F836C9A794B8.html,F66757BF-E61E-B8BB-95A0-1F25B51E3818,,
1A8C20AA-592C-FCC1-BA36-2700BAC382C8,IBM's smart city as techno-utopian policy mobility,article,1360-4813,City,http://readinglists.ucl.ac.uk/items/1A8C20AA-592C-FCC1-BA36-2700BAC382C8.html,AEDE270D-2CDE-A8DD-D05F-2D85E0F4FEA1:Optional,1470-3629,10.1080/13604813.2015.1016275
1AABCFCB-250B-0757-2250-745C493FBCCD,Co-Creating the Cities of the Future,article,,Sensors,http://readinglists.ucl.ac.uk/items/1AABCFCB-250B-0757-2250-745C493FBCCD.html,AEDE270D-2CDE-A8DD-D05F-2D85E0F4FEA1:Optional,1424-8220,10.3390/s16111971
1B1AE1B0-A3DF-D63E-6F1C-F20FBF38EAF5,Creating Realistic Synthetic Populations at Varying Spatial Scales: A Comparative Critique of Population Synthesis Techniques,article,,Journal of Artificial Societies and Social Simulation,http://readinglists.ucl.ac.uk/items/1B1AE1B0-A3DF-D63E-6F1C-F20FBF38EAF5.html,2F2A7E4B-B152-BF2B-F545-9CA96493F756:Optional,1460-7425,10.18564/jasss.1909
1B765CEB-0D8F-45EE-AE7F-C1DA8A4F95F0,"How to Lie With Maps, Chapter 10",chapter,,How to lie with maps,http://readinglists.ucl.ac.uk/items/1B765CEB-0D8F-45EE-AE7F-C1DA8A4F95F0.html,F66757BF-E61E-B8BB-95A0-1F25B51E3818,,
1B8CFFF3-0B2C-5A5F-9953-F1CD30BE9810,A statistical theory of spatial distribution models,article,136103,Transportation Research,http://readinglists.ucl.ac.uk/items/1B8CFFF3-0B2C-5A5F-9953-F1CD30BE9810.html,A6D7ED9B-ABF0-F08D-060D-726808C7AF2D,,10.1016/0041-1647(67)90035-4
1BD9B440-8821-8326-D70F-6BCD3381DA8B,Examining inclusive mobility through smartcard data: What shall we make of senior citizens' declining bus patronage in the West Midlands?,article,09666923,Journal of Transport Geography,http://readinglists.ucl.ac.uk/items/1BD9B440-8821-8326-D70F-6BCD3381DA8B.html,2F2A7E4B-B152-BF2B-F545-9CA96493F756:Optional,,10.1016/j.jtrangeo.2019.102474
1C01AF96-9CF4-BC6B-9609-BD7C601DAED5,GIScience and Systems,chapter,,International Encyclopedia of Human Geography,http://readinglists.ucl.ac.uk/items/1C01AF96-9CF4-BC6B-9609-BD7C601DAED5.html,F66757BF-E61E-B8BB-95A0-1F25B51E3818:Recommended,,
1C0DBB75-8D6A-FF98-BBD6-C4DF22A68F09,Using local statistics and neighbourhood classifications to portray ethnic residential segregation: a London example,article,0265-8135,Environment and Planning B: Planning and Design,http://readinglists.ucl.ac.uk/items/1C0DBB75-8D6A-FF98-BBD6-C4DF22A68F09.html,2F2A7E4B-B152-BF2B-F545-9CA96493F756:Optional,1472-3417,10.1068/b36094
1DA74124-A0B3-29F9-8964-66370091C689,"R for Data Science, chapter 22",website,,,http://readinglists.ucl.ac.uk/items/1DA74124-A0B3-29F9-8964-66370091C689.html,F66757BF-E61E-B8BB-95A0-1F25B51E3818,,
1E19C699-56D7-4BD4-7B64-026ECAF0B6DA,How good is volunteered geographical information? A comparative study of OpenStreetMap and Ordnance Survey datasets,journal,,,http://readinglists.ucl.ac.uk/items/1E19C699-56D7-4BD4-7B64-026ECAF0B6DA.html,F66757BF-E61E-B8BB-95A0-1F25B51E3818,,
1EB0F3F1-B647-1DC2-9896-E5054B571750,Extracting Data from NoSQL Databases A Step towards Interactive Visual Analysis of NoSQL Data,thesis,,,http://readinglists.ucl.ac.uk/items/1EB0F3F1-B647-1DC2-9896-E5054B571750.html,074DEFFB-49ED-BAF2-9296-6F0191E2EEC2,,
1F2AA64C-0A91-4A73-88D1-7D5E6C3FF357,Linear Algebra by 3blue1brown,webpage,,,http://readinglists.ucl.ac.uk/items/1f2aa64c-0a91-4a73-88d1-7d5e6c3ff357.html,F337A367-A79E-5897-3521-039ADAAE58C0,,
1FF4E863-6DDC-D241-73D9-D892CEBAE7EF,A R Markdown | blogdown: Creating Websites with R Markdown - Appendix A,webpage,,,http://readinglists.ucl.ac.uk/items/1FF4E863-6DDC-D241-73D9-D892CEBAE7EF.html,F66757BF-E61E-B8BB-95A0-1F25B51E3818,,
203F67C4-ED1D-0653-B92D-4D7ED5CE31CA,THE SOCIO-SPATIAL DIALECTIC,article,0004-5608,Annals of the Association of American Geographers,http://readinglists.ucl.ac.uk/items/203F67C4-ED1D-0653-B92D-4D7ED5CE31CA.html,2F2A7E4B-B152-BF2B-F545-9CA96493F756:Essential,1467-8306,10.1111/j.1467-8306.1980.tb01308.x
20A4B240-9202-A8C7-5003-05D7F3D92D35,Planning theories and environmental impact assessment,article,01959255,Environmental Impact Assessment Review,http://readinglists.ucl.ac.uk/items/20A4B240-9202-A8C7-5003-05D7F3D92D35.html,AEDE270D-2CDE-A8DD-D05F-2D85E0F4FEA1:Optional,,10.1016/S0195-9255(00)00036-6
20EC47EA-91A9-081E-34AA-C89982B3DACD,Re-thinking residential mobility,article,0309-1325,Progress in Human Geography,http://readinglists.ucl.ac.uk/items/20EC47EA-91A9-081E-34AA-C89982B3DACD.html,2F2A7E4B-B152-BF2B-F545-9CA96493F756:Optional,1477-0288,10.1177/0309132515575417
22BFEB6C-C7B3-4052-3ADC-A78F52462C88,It’s your data – take control – Data protection in the EU,document,,,http://readinglists.ucl.ac.uk/items/22BFEB6C-C7B3-4052-3ADC-A78F52462C88.html,AEDE270D-2CDE-A8DD-D05F-2D85E0F4FEA1:Optional,,
232EF1E8-0DC6-BAA1-2FDC-F8F2174FAD2A,"Exploring, modelling and predicting spatiotemporal variations in house prices",article,0570-1864,The Annals of Regional Science,http://readinglists.ucl.ac.uk/items/232EF1E8-0DC6-BAA1-2FDC-F8F2174FAD2A.html,2F2A7E4B-B152-BF2B-F545-9CA96493F756:Optional,1432-0592,10.1007/s00168-015-0660-6
27790F43-4C85-5308-88C9-D7A73D15F92D,Zipf's Law and the Growth of Cities,article,0002-8282,American Economic Review,http://readinglists.ucl.ac.uk/items/27790F43-4C85-5308-88C9-D7A73D15F92D.html,2F2A7E4B-B152-BF2B-F545-9CA96493F756:Optional,,10.1257/aer.89.2.129
27C84489-6438-3822-2DEC-6F2480D22067,NetLogo,webpage,,,http://readinglists.ucl.ac.uk/items/27C84489-6438-3822-2DEC-6F2480D22067.html,FF07D106-8495-A29B-1581-0986A4A5FB26:Essential,,
27E52E9C-298A-996F-EF3D-42D4DF39A638,The Role of Standards in Smart Cities,document,,,http://readinglists.ucl.ac.uk/items/27E52E9C-298A-996F-EF3D-42D4DF39A638.html,AEDE270D-2CDE-A8DD-D05F-2D85E0F4FEA1:Optional,,
290668A2-2CA9-A54A-7E99-D7EE87AF3460,Twenty years of progress: GIScience in 2010,article,,Journal of Spatial Information Science,http://readinglists.ucl.ac.uk/items/290668A2-2CA9-A54A-7E99-D7EE87AF3460.html,F66757BF-E61E-B8BB-95A0-1F25B51E3818,1948-660X,10.5311/JOSIS.2010.1.2
2A12A608-A064-CFA6-853D-C0E4BA187C60,Tobler's First Law of Geography: A Big Idea for a Small World?,article,0004-5608,Annals of the Association of American Geographers,http://readinglists.ucl.ac.uk/items/2A12A608-A064-CFA6-853D-C0E4BA187C60.html,F66757BF-E61E-B8BB-95A0-1F25B51E3818,1467-8306,10.1111/j.1467-8306.2004.09402003.x
2A1BB98E-35C1-C1FC-C9F5-CDAC4D8D0A84,Smart cities of the future,article,1951-6355,The European Physical Journal Special Topics,http://readinglists.ucl.ac.uk/items/2A1BB98E-35C1-C1FC-C9F5-CDAC4D8D0A84.html,AEDE270D-2CDE-A8DD-D05F-2D85E0F4FEA1:Recommended,1951-6401,10.1140/epjst/e2012-01703-3
2A69B6EB-B310-FCCB-4B17-A98356E986E6,Entropy in Urban and Regional Modelling: Retrospect and Prospect. 城市和区域建模中的熵：回顾与展望,article,1538-4632,Geographical Analysis,http://readinglists.ucl.ac.uk/items/2A69B6EB-B310-FCCB-4B17-A98356E986E6.html,A6D7ED9B-ABF0-F08D-060D-726808C7AF2D,,10.1111/j.1538-4632.2010.00799.x
2AEE5F8C-D843-B658-B0DD-E67AD0705E51,Power-Law Distributions in Empirical Data,article,0036-1445,SIAM Review,http://readinglists.ucl.ac.uk/items/2AEE5F8C-D843-B658-B0DD-E67AD0705E51.html,2F2A7E4B-B152-BF2B-F545-9CA96493F756:Optional,1095-7200,10.1137/070710111
2EDE1AD5-F0E9-A907-B266-70EC66161824,Intelligent cities: Variable geometries of spatial intelligence,article,1750-8975,Intelligent Buildings International,http://readinglists.ucl.ac.uk/items/2EDE1AD5-F0E9-A907-B266-70EC66161824.html,AEDE270D-2CDE-A8DD-D05F-2D85E0F4FEA1:Optional,1756-6932,10.1080/17508975.2011.579339
2FED3A94-6781-C794-83C5-F2937D7748DF,Resource Letter CS–1: Complex Systems,article,0002-9505,American Journal of Physics,http://readinglists.ucl.ac.uk/items/2FED3A94-6781-C794-83C5-F2937D7748DF.html,2F2A7E4B-B152-BF2B-F545-9CA96493F756:Optional,1943-2909,10.1119/1.3590372
3193BD9A-5AC2-B66F-A716-81C30088507F,"Power laws, Pareto distributions and Zipf's law",article,0010-7514,Contemporary Physics,http://readinglists.ucl.ac.uk/items/3193BD9A-5AC2-B66F-A716-81C30088507F.html,2F2A7E4B-B152-BF2B-F545-9CA96493F756:Optional,1366-5812,10.1080/00107510500052444
32083F08-FB53-44AB-22D4-564A568EDB2F,The eco-city: ten key transport and planning dimensions for sustainable city development,article,0956-2478,Environment and Urbanization,http://readinglists.ucl.ac.uk/items/32083F08-FB53-44AB-22D4-564A568EDB2F.html,2F2A7E4B-B152-BF2B-F545-9CA96493F756:Optional,1746-0301,10.1177/0956247806063947
3335563A-7BB4-3EBC-ED5D-41EE04753E45,The Ecological Approach to the Study of the Human Community,article,,American Journal of Sociology,http://readinglists.ucl.ac.uk/items/3335563A-7BB4-3EBC-ED5D-41EE04753E45.html,2F2A7E4B-B152-BF2B-F545-9CA96493F756:Recommended,,
33846518-B1FB-4C08-9A63-A4E0505DC32E,Are statisticians cold-blooded bosses? a new perspective on the ‘old’ concept of statistical population,article,,Teaching Statistics,http://readinglists.ucl.ac.uk/items/33846518-B1FB-4C08-9A63-A4E0505DC32E.html,14F7EC69-3236-486A-5D3B-01B939E718AE:Recommended,,10.1111/j.1467-9639.2012.00524.x
338B677C-52DB-E301-192D-6695F28AA953,Cities in a World of Cities: The Comparative Gesture,article,,International Journal of Urban and Regional Research,http://readinglists.ucl.ac.uk/items/338B677C-52DB-E301-192D-6695F28AA953.html,2F2A7E4B-B152-BF2B-F545-9CA96493F756:Optional,,10.1111/j.1468-2427.2010.00982.x
33D97296-7A7C-654E-22C3-A80347D753AE,What is Open Data?,webpage,,,http://readinglists.ucl.ac.uk/items/33D97296-7A7C-654E-22C3-A80347D753AE.html,AEDE270D-2CDE-A8DD-D05F-2D85E0F4FEA1:Optional,,
33F06FF0-7778-3914-338D-2DEB786C62BD,R Markdown: The Definitive Guide,webpage,,,http://readinglists.ucl.ac.uk/items/33F06FF0-7778-3914-338D-2DEB786C62BD.html,F66757BF-E61E-B8BB-95A0-1F25B51E3818,,
3411BF34-4D0F-76F5-B89A-E301AB014C03,Seven Types of Privacy,chapter,,European Data Protection: Coming of Age,http://readinglists.ucl.ac.uk/items/3411BF34-4D0F-76F5-B89A-E301AB014C03.html,AEDE270D-2CDE-A8DD-D05F-2D85E0F4FEA1:Optional,,10.1007/978-94-007-5170-5_1
35B1A12E-25D4-4E4C-8E9D-3B068DD51F08,Introduction to R for Biology & Ecology - ANOVA,webpage,,,http://readinglists.ucl.ac.uk/items/35b1a12e-25d4-4e4c-8e9d-3b068dd51f08.html,F337A367-A79E-5897-3521-039ADAAE58C0,,
36F46601-452F-CAE3-7030-C4324E45DF88,The Marketplace of the European Innovation Partnership on Smart Cities and Communities (EIP-SCC),document,,,http://readinglists.ucl.ac.uk/items/36F46601-452F-CAE3-7030-C4324E45DF88.html,AEDE270D-2CDE-A8DD-D05F-2D85E0F4FEA1:Optional,,
371DD347-9D5C-EC4C-1435-58D1E61FDFB7,A City Is Not a Computer,article,,Places Journal,http://readinglists.ucl.ac.uk/items/371DD347-9D5C-EC4C-1435-58D1E61FDFB7.html,14F7EC69-3236-486A-5D3B-01B939E718AE:Essential,21647798,10.22269/170207
379BDCF0-7859-79E0-14CE-2F91D51BD2F7,The general urban model: Retrospect and prospect,article,,Papers in Regional Science,http://readinglists.ucl.ac.uk/items/379BDCF0-7859-79E0-14CE-2F91D51BD2F7.html,A6D7ED9B-ABF0-F08D-060D-726808C7AF2D,14355957,10.1111/j.1435-5957.2010.00282.x
381874CC-067C-140A-0E18-C072925450EA,Kriging Interpolation,article,,Geographic Information Science &amp; Technology Body of Knowledge,http://readinglists.ucl.ac.uk/items/381874CC-067C-140A-0E18-C072925450EA.html,14F7EC69-3236-486A-5D3B-01B939E718AE:Optional,25772848,10.22224/gistbok/2019.4.4
3872E51E-DACB-EF76-F8C3-027107EE841F,TRANSIMS for Urban Planning,document,,,http://readinglists.ucl.ac.uk/items/3872E51E-DACB-EF76-F8C3-027107EE841F.html,A6D7ED9B-ABF0-F08D-060D-726808C7AF2D,,
39AA92A0-1E59-1EC3-1855-09497F8CEDA6,1. Consumer Registers as Spatial Data Infrastructure and their Use in Migration and Residential Mobility Research,unknown type,,Consumer data research,http://readinglists.ucl.ac.uk/items/39AA92A0-1E59-1EC3-1855-09497F8CEDA6.html,2F2A7E4B-B152-BF2B-F545-9CA96493F756:Optional,,
3C9EB955-22EB-4E98-C96A-42BE04B79395,Spatial Autocorrelation,article,,Geographic Information Science &amp; Technology Body of Knowledge,http://readinglists.ucl.ac.uk/items/3C9EB955-22EB-4E98-C96A-42BE04B79395.html,14F7EC69-3236-486A-5D3B-01B939E718AE:Optional,,10.22224/gistbok/2017.4.13
3CB6E02D-78A4-7EC8-63C0-592B5765B73A,The New Mobilities Paradigm,article,0308-518X,Environment and Planning A,http://readinglists.ucl.ac.uk/items/3CB6E02D-78A4-7EC8-63C0-592B5765B73A.html,2F2A7E4B-B152-BF2B-F545-9CA96493F756:Essential,1472-3409,10.1068/a37268
3F3DCFAA-2A1C-247C-9701-125197DC1063,Simple Features for R: Standardized Support for Spatial Vector Data,article,2073-4859,The R Journal,http://readinglists.ucl.ac.uk/items/3F3DCFAA-2A1C-247C-9701-125197DC1063.html,F66757BF-E61E-B8BB-95A0-1F25B51E3818:Essential,2073-4859,
3FB4EB49-2671-1E78-1A35-46CC7E6627BF,"Chapter 20 (Power, politics and urban governance)",chapter,,Urban geography: a global perspective,http://readinglists.ucl.ac.uk/items/3FB4EB49-2671-1E78-1A35-46CC7E6627BF.html,AEDE270D-2CDE-A8DD-D05F-2D85E0F4FEA1:Optional,,
40364BFD-E742-0481-60E3-D87D613F5C3E,Capturing the Two Dimensions of Residential Segregation at the Neighborhood Level for Health Research,article,,Frontiers in Public Health,http://readinglists.ucl.ac.uk/items/40364BFD-E742-0481-60E3-D87D613F5C3E.html,2F2A7E4B-B152-BF2B-F545-9CA96493F756:Optional,2296-2565,10.3389/fpubh.2014.00118
407DB0AB-9678-2369-0827-CBEEED3AEEB4,Software-sorted geographies,article,0309-1325,Progress in Human Geography,http://readinglists.ucl.ac.uk/items/407DB0AB-9678-2369-0827-CBEEED3AEEB4.html,AEDE270D-2CDE-A8DD-D05F-2D85E0F4FEA1:Optional,1477-0288,10.1191/0309132505ph568oa
43DE3309-582E-DF91-6364-C4E5E8673925,Teaching introductory GIS programming to geographers using an open source Python approach,article,0309-8265,Journal of Geography in Higher Education,http://readinglists.ucl.ac.uk/items/43DE3309-582E-DF91-6364-C4E5E8673925.html,14F7EC69-3236-486A-5D3B-01B939E718AE:Essential,1466-1845,10.1080/03098265.2015.1086981
446C64FD-226F-F026-6DFE-2F00575913EE,"Hackathons, entrepreneurship and the passionate making of smart cities",article,,,http://readinglists.ucl.ac.uk/items/446C64FD-226F-F026-6DFE-2F00575913EE.html,AEDE270D-2CDE-A8DD-D05F-2D85E0F4FEA1:Optional,,10.17605/OSF.IO/NU3EC
44D68F0B-02A9-AE04-2903-EDD8DE85EB38,Smart City Index Master Indicators Survey | Smart City Tools,webpage,,,http://readinglists.ucl.ac.uk/items/44D68F0B-02A9-AE04-2903-EDD8DE85EB38.html,AEDE270D-2CDE-A8DD-D05F-2D85E0F4FEA1:Optional,,
45E9B98A-1D82-640C-F47B-A03727869EAE,Barriers to reproducible research in GIS; a practical example using a national index of multiple deprivation,article,,,http://readinglists.ucl.ac.uk/items/45E9B98A-1D82-640C-F47B-A03727869EAE.html,F66757BF-E61E-B8BB-95A0-1F25B51E3818,,
476185BF-EF10-8E13-0CD8-1653878C4A9A,"Social networks, mobile lives and social inequalities",article,09666923,Journal of Transport Geography,http://readinglists.ucl.ac.uk/items/476185BF-EF10-8E13-0CD8-1653878C4A9A.html,2F2A7E4B-B152-BF2B-F545-9CA96493F756:Optional,,10.1016/j.jtrangeo.2011.10.003
4868F991-EC67-3BD3-90A0-94C9C1FAD5A2,Special Issue on Smart Cities and the Future Internet in Europe,article,1868-7865,Journal of the Knowledge Economy,http://readinglists.ucl.ac.uk/items/4868F991-EC67-3BD3-90A0-94C9C1FAD5A2.html,AEDE270D-2CDE-A8DD-D05F-2D85E0F4FEA1:Optional,1868-7873,10.1007/s13132-012-0083-x
48BC2DD4-9B72-3FFD-586A-58B6723F7DEB,From Managerialism to Entrepreneurialism: The Transformation in Urban Governance in Late Capitalism,article,0435-3684,"Geografiska Annaler: Series B, Human Geography",http://readinglists.ucl.ac.uk/items/48BC2DD4-9B72-3FFD-586A-58B6723F7DEB.html,2F2A7E4B-B152-BF2B-F545-9CA96493F756:Recommended,1468-0467,10.1080/04353684.1989.11879583
48F0DB52-8819-0834-09DF-17F4E3B687E7,Cellular Automata and Urban Form: A Primer,article,0194-4363,Journal of the American Planning Association,http://readinglists.ucl.ac.uk/items/48F0DB52-8819-0834-09DF-17F4E3B687E7.html,2F2A7E4B-B152-BF2B-F545-9CA96493F756:Essential,1939-0130,10.1080/01944369708975918
491C8A05-1D75-144E-6A23-A246F92AD339,Feminist digital geographies,article,0966-369X,"Gender, Place &amp; Culture",http://readinglists.ucl.ac.uk/items/491C8A05-1D75-144E-6A23-A246F92AD339.html,14F7EC69-3236-486A-5D3B-01B939E718AE:Recommended,1360-0524,10.1080/0966369X.2018.1465396
4A6BD8B3-57E0-2873-2B29-A1BECA0FFF66,CITIES AS SYSTEMS WITHIN SYSTEMS OF CITIES,article,0486-2902,Papers of the Regional Science Association,http://readinglists.ucl.ac.uk/items/4A6BD8B3-57E0-2873-2B29-A1BECA0FFF66.html,2F2A7E4B-B152-BF2B-F545-9CA96493F756:Optional,,10.1111/j.1435-5597.1964.tb01283.x
4C2E4CDC-45D7-B4DF-3005-50A35A1DCC96,The smart city: A nexus for open innovation?,article,1750-8975,Intelligent Buildings International,http://readinglists.ucl.ac.uk/items/4C2E4CDC-45D7-B4DF-3005-50A35A1DCC96.html,AEDE270D-2CDE-A8DD-D05F-2D85E0F4FEA1:Optional,1756-6932,10.1080/17508975.2011.586672
4D63E760-C7CC-8025-933C-5B01D0DF2D66,"Situating knowledges: positionality, reflexivities and other tactics",article,0309-1325,Progress in Human Geography,http://readinglists.ucl.ac.uk/items/4D63E760-C7CC-8025-933C-5B01D0DF2D66.html,14F7EC69-3236-486A-5D3B-01B939E718AE:Optional,1477-0288,10.1191/030913297673302122
4E548859-CBE9-A526-FB92-3E64F9A53D61,Think Python – Green Tea Press,webpage,,,http://readinglists.ucl.ac.uk/items/4E548859-CBE9-A526-FB92-3E64F9A53D61.html,14F7EC69-3236-486A-5D3B-01B939E718AE:Recommended,,
4E9686E9-69DE-F484-132A-FC7C1EFF7AF9,Tobler's First Law and Spatial Analysis,article,0004-5608,Annals of the Association of American Geographers,http://readinglists.ucl.ac.uk/items/4E9686E9-69DE-F484-132A-FC7C1EFF7AF9.html,F66757BF-E61E-B8BB-95A0-1F25B51E3818,1467-8306,10.1111/j.1467-8306.2004.09402005.x
4F447CEA-F090-592A-6CD2-ED3F7AAE8C4E,Chapters 1 and 2 of Inventing Future Cities,chapter,,Inventing future cities,http://readinglists.ucl.ac.uk/items/4F447CEA-F090-592A-6CD2-ED3F7AAE8C4E.html,2F2A7E4B-B152-BF2B-F545-9CA96493F756:Recommended,,
4FFBED34-B2BE-7481-750B-274A2EDC7DD3,Dynamic models of segregation,article,0022-250X,The Journal of Mathematical Sociology,http://readinglists.ucl.ac.uk/items/4FFBED34-B2BE-7481-750B-274A2EDC7DD3.html,2F2A7E4B-B152-BF2B-F545-9CA96493F756:Recommended,1545-5874,10.1080/0022250X.1971.9989794
51A64368-6C22-D0AD-E95E-DC7930638672,What is a Forest? On the Vagueness of Certain Geographic Concepts,article,491273,Topoi,http://readinglists.ucl.ac.uk/items/51A64368-6C22-D0AD-E95E-DC7930638672.html,F66757BF-E61E-B8BB-95A0-1F25B51E3818,,10.1023/A:1017965025666
51C94009-D253-2514-8D38-F22F550E385D,The Known Traveller: Unlocking the potential of digital identity for secure and seamless travel,document,,,http://readinglists.ucl.ac.uk/items/51C94009-D253-2514-8D38-F22F550E385D.html,AEDE270D-2CDE-A8DD-D05F-2D85E0F4FEA1:Optional,,
51D5B701-E3F5-5026-22A9-D6ADE1DE20C1,Mastering Shiny,website,,,http://readinglists.ucl.ac.uk/items/51D5B701-E3F5-5026-22A9-D6ADE1DE20C1.html,F66757BF-E61E-B8BB-95A0-1F25B51E3818,,
51F9F269-09FA-CD65-0576-C1EEF2F0D06E,Point pattern analysis using R,chapter,,An introduction to R for spatial analysis and mapping,http://readinglists.ucl.ac.uk/items/51F9F269-09FA-CD65-0576-C1EEF2F0D06E.html,F66757BF-E61E-B8BB-95A0-1F25B51E3818,,
524B63A9-53F5-8076-C542-219770BA1628,"Measuring and modelling segregation – New concepts, new methods and new data",article,2399-8083,Environment and Planning B: Urban Analytics and City Science,http://readinglists.ucl.ac.uk/items/524B63A9-53F5-8076-C542-219770BA1628.html,2F2A7E4B-B152-BF2B-F545-9CA96493F756:Optional,2399-8091,10.1177/2399808318808889
55571464-0CDD-2A15-FE98-7D9A39D31F54,ggplot2,webpage,,,http://readinglists.ucl.ac.uk/items/55571464-0CDD-2A15-FE98-7D9A39D31F54.html,F66757BF-E61E-B8BB-95A0-1F25B51E3818,,
55B693D1-31C8-9D82-D426-B6709A13E25B,Buzz: face-to-face contact and the urban economy,article,1468-2702,Journal of Economic Geography,http://readinglists.ucl.ac.uk/items/55B693D1-31C8-9D82-D426-B6709A13E25B.html,AEDE270D-2CDE-A8DD-D05F-2D85E0F4FEA1:Recommended,1468-2710,10.1093/jnlecg/lbh027
55C9821A-EE9D-2223-3408-009D6A3A63C3,Geo-temporal Twitter demographics,article,1365-8816,International Journal of Geographical Information Science,http://readinglists.ucl.ac.uk/items/55C9821A-EE9D-2223-3408-009D6A3A63C3.html,2F2A7E4B-B152-BF2B-F545-9CA96493F756:Optional,1362-3087,10.1080/13658816.2015.1089441
571AA5A0-6963-EDA5-8202-46AE52A5E564,"Privacy in the Smart City—Applications, Technologies, Challenges, and Solutions",article,,IEEE Communications Surveys &amp; Tutorials,http://readinglists.ucl.ac.uk/items/571AA5A0-6963-EDA5-8202-46AE52A5E564.html,AEDE270D-2CDE-A8DD-D05F-2D85E0F4FEA1:Optional,1553-877X,10.1109/COMST.2017.2748998
58C5D008-9A5B-4744-950C-ACFF2DE2E020,"World Urbanization Prospects: The 2018 Revision, Highlights",document,,,http://readinglists.ucl.ac.uk/items/58C5D008-9A5B-4744-950C-ACFF2DE2E020.html,2F2A7E4B-B152-BF2B-F545-9CA96493F756:Optional,,
58C6FEDB-3E9B-580B-B2CA-09A62A31451C,Using R as a GIS,chapter,,An introduction to R for spatial analysis and mapping,http://readinglists.ucl.ac.uk/items/58C6FEDB-3E9B-580B-B2CA-09A62A31451C.html,F66757BF-E61E-B8BB-95A0-1F25B51E3818,,
58DCE984-5710-0C8C-C681-0E531AB3D7E1,Zipf's Law for Cities: An Explanation,article,0033-5533,The Quarterly Journal of Economics,http://readinglists.ucl.ac.uk/items/58DCE984-5710-0C8C-C681-0E531AB3D7E1.html,2F2A7E4B-B152-BF2B-F545-9CA96493F756:Optional,1531-4650,10.1162/003355399556133
58E9CB34-27C1-FCBF-59E5-51333B778700,PAS 180 – Smart Cities Terminology | BSI Group,webpage,,,http://readinglists.ucl.ac.uk/items/58E9CB34-27C1-FCBF-59E5-51333B778700.html,AEDE270D-2CDE-A8DD-D05F-2D85E0F4FEA1:Optional,,
59C5FF24-D5FC-5386-8987-85ECCF125468,"Geography and computers: Past, present, and future",article,,Geography Compass,http://readinglists.ucl.ac.uk/items/59C5FF24-D5FC-5386-8987-85ECCF125468.html,14F7EC69-3236-486A-5D3B-01B939E718AE:Essential,,10.1111/gec3.12403
5A4674AB-47F0-23A7-9A1D-58C6DA270737,Propagation of errors in spatial modelling with GIS,article,0269-3798,International journal of geographical information systems,http://readinglists.ucl.ac.uk/items/5A4674AB-47F0-23A7-9A1D-58C6DA270737.html,F66757BF-E61E-B8BB-95A0-1F25B51E3818,,10.1080/02693798908941518
5AB3FAE0-0902-46C0-0F20-69C9CA1AD526,The Triple-Helix Model of Smart Cities: A Neo-Evolutionary Perspective,article,1063-0732,Journal of Urban Technology,http://readinglists.ucl.ac.uk/items/5AB3FAE0-0902-46C0-0F20-69C9CA1AD526.html,AEDE270D-2CDE-A8DD-D05F-2D85E0F4FEA1:Optional,1466-1853,10.1080/10630732.2011.601111
5D050F9F-6DD2-6E95-BD5D-A88DBE4646DC,Open Data Study,webpage,,,http://readinglists.ucl.ac.uk/items/5D050F9F-6DD2-6E95-BD5D-A88DBE4646DC.html,AEDE270D-2CDE-A8DD-D05F-2D85E0F4FEA1:Optional,,
5ECF31A7-8BFA-04DA-E51E-08753AC80033,"Benefits, Adoption Barriers and Myths of Open Data and Open Government",article,1058-0530,Information Systems Management,http://readinglists.ucl.ac.uk/items/5ECF31A7-8BFA-04DA-E51E-08753AC80033.html,AEDE270D-2CDE-A8DD-D05F-2D85E0F4FEA1:Optional,1934-8703,10.1080/10580530.2012.716740
5F381FD9-F138-BA23-D6D1-E223409170C0,GIScience and Systems,chapter,,International Encyclopedia of Human Geography,http://readinglists.ucl.ac.uk/items/5F381FD9-F138-BA23-D6D1-E223409170C0.html,F66757BF-E61E-B8BB-95A0-1F25B51E3818,,
5F43018C-E3EB-6163-21B5-F669261B6941,Chapter 4: What Gets Counted Counts,chapter,,Data Feminism,http://readinglists.ucl.ac.uk/items/5F43018C-E3EB-6163-21B5-F669261B6941.html,14F7EC69-3236-486A-5D3B-01B939E718AE:Essential,,
5F714CD9-5AAD-1E55-169C-98436C4BBBFC,Scaling Laws and Urban Systems,article,,,http://readinglists.ucl.ac.uk/items/5F714CD9-5AAD-1E55-169C-98436C4BBBFC.html,2F2A7E4B-B152-BF2B-F545-9CA96493F756:Recommended,,
5F7A5F7C-1A6D-8DCD-EA57-74DA4459AEBA,Urban Policy Mobilities and Global Circuits of Knowledge: Toward a Research Agenda,article,0004-5608,Annals of the Association of American Geographers,http://readinglists.ucl.ac.uk/items/5F7A5F7C-1A6D-8DCD-EA57-74DA4459AEBA.html,AEDE270D-2CDE-A8DD-D05F-2D85E0F4FEA1:Optional,1467-8306,10.1080/00045608.2010.520219
5FAC76C1-B9D6-6407-4FDC-6399BD5B8EA7,Developing a critical understanding of smart urbanism?,article,0042-0980,Urban Studies,http://readinglists.ucl.ac.uk/items/5FAC76C1-B9D6-6407-4FDC-6399BD5B8EA7.html,AEDE270D-2CDE-A8DD-D05F-2D85E0F4FEA1:Optional,1360-063X,10.1177/0042098015577319
6059320D-28FA-107F-5B6E-6672659DF1F1,Broadband speed map reveals Britain’s new digital divide,webpage,,,http://readinglists.ucl.ac.uk/items/6059320D-28FA-107F-5B6E-6672659DF1F1.html,AEDE270D-2CDE-A8DD-D05F-2D85E0F4FEA1:Optional,,
6076D2A9-6D68-2F5E-B8A6-E23F98E16B67,Estimation of land surface temperature–vegetation abundance relationship for urban heat island studies,article,116911,Remote Sensing of Environment,http://readinglists.ucl.ac.uk/items/6076D2A9-6D68-2F5E-B8A6-E23F98E16B67.html,F66757BF-E61E-B8BB-95A0-1F25B51E3818,,10.1016/j.rse.2003.11.005
6109A958-8103-6C2A-5ABA-3297411BBCF0,The spatial pattern of premature mortality in Hong Kong: How does it relate to public housing?,article,0042-0980,Urban Studies,http://readinglists.ucl.ac.uk/items/6109A958-8103-6C2A-5ABA-3297411BBCF0.html,2F2A7E4B-B152-BF2B-F545-9CA96493F756:Optional,1360-063X,10.1177/0042098015620341
617701B1-8151-66FD-9F81-EB5DABBF15C2,Diverse cities or the systematic paradox of Urban Scaling Laws,article,01989715,"Computers, Environment and Urban Systems",http://readinglists.ucl.ac.uk/items/617701B1-8151-66FD-9F81-EB5DABBF15C2.html,2F2A7E4B-B152-BF2B-F545-9CA96493F756:Optional,,10.1016/j.compenvurbsys.2016.04.006
61D5C1FA-C0EF-4E45-CCBF-894125C21225,Will the real smart city please stand up?,article,1360-4813,City,http://readinglists.ucl.ac.uk/items/61D5C1FA-C0EF-4E45-CCBF-894125C21225.html,AEDE270D-2CDE-A8DD-D05F-2D85E0F4FEA1:Recommended,1470-3629,10.1080/13604810802479126
6212EEF9-66B0-AFC2-DFB9-21364B4A770F,"The magical number seven, plus or minus two: some limits on our capacity for processing information.",article,0033-295X,Psychological Review,http://readinglists.ucl.ac.uk/items/6212EEF9-66B0-AFC2-DFB9-21364B4A770F.html,47B7C011-69AE-E2E9-C205-CEED361CD0EA,,
64140F08-3E7A-DBE2-D338-94196C2CC31B,"Applied spatial data analysis with R, chapter 3",chapter,,,http://readinglists.ucl.ac.uk/items/64140F08-3E7A-DBE2-D338-94196C2CC31B.html,F66757BF-E61E-B8BB-95A0-1F25B51E3818,,
65828848-A6FD-9675-EEEC-537B906615E1,Organicity Playbook,document,,,http://readinglists.ucl.ac.uk/items/65828848-A6FD-9675-EEEC-537B906615E1.html,AEDE270D-2CDE-A8DD-D05F-2D85E0F4FEA1:Optional,,
66211785-4219-DDDE-5F4A-673E2082716D,Business Strategy: IDC Government Insights' Smart City Maturity Model —Assessment and Action on the Path to Maturity,document,,,http://readinglists.ucl.ac.uk/items/66211785-4219-DDDE-5F4A-673E2082716D.html,AEDE270D-2CDE-A8DD-D05F-2D85E0F4FEA1:Optional,,
66B9426A-C6F8-C66A-460D-14B4D4A4CD28,Counterurbanization in South Africa: Measuring migration significance,article,,Regional Science Policy &amp; Practice,http://readinglists.ucl.ac.uk/items/66B9426A-C6F8-C66A-460D-14B4D4A4CD28.html,2F2A7E4B-B152-BF2B-F545-9CA96493F756:Optional,,10.1111/rsp3.12105
673913B2-7A88-B764-C84F-B455CDBC1E51,Chapter 6: The Numbers Don’t Speak for Themselves,chapter,,Data Feminism,http://readinglists.ucl.ac.uk/items/673913B2-7A88-B764-C84F-B455CDBC1E51.html,14F7EC69-3236-486A-5D3B-01B939E718AE:Essential,,
68F9DF4E-D73F-F0A9-5DEC-329B835E0C1D,Embodiment: a conceptual glossary for epidemiology,article,0143-005X,Journal of Epidemiology &amp; Community Health,http://readinglists.ucl.ac.uk/items/68F9DF4E-D73F-F0A9-5DEC-329B835E0C1D.html,2F2A7E4B-B152-BF2B-F545-9CA96493F756:Optional,,10.1136/jech.2004.024562
68FFD69F-8BC6-5BB1-A913-6F8DE41BD39D,R Markdown: The Definitive Guide,webpage,,,http://readinglists.ucl.ac.uk/items/68FFD69F-8BC6-5BB1-A913-6F8DE41BD39D.html,F66757BF-E61E-B8BB-95A0-1F25B51E3818,,
6B1390B3-7B49-0E84-5891-804FBF9BC673,A survival guide to Landsat preprocessing,article,,Ecology,http://readinglists.ucl.ac.uk/items/6B1390B3-7B49-0E84-5891-804FBF9BC673.html,F66757BF-E61E-B8BB-95A0-1F25B51E3818,,10.1002/ecy.1730
6D7ABDFA-B906-16F9-9199-B34FC2D4F851,"Geodemographics, Software and Class",article,0038-0385,Sociology,http://readinglists.ucl.ac.uk/items/6D7ABDFA-B906-16F9-9199-B34FC2D4F851.html,2F2A7E4B-B152-BF2B-F545-9CA96493F756:Recommended,1469-8684,10.1177/0038038506067507
6E80194F-9763-AA53-3FB0-CFDBB2589548,"Cities as Complex Systems: Scaling, Interaction, Networks, Dynamics and Urban Morphologies",chapter,,Encyclopedia of Complexity and Systems Science,http://readinglists.ucl.ac.uk/items/6E80194F-9763-AA53-3FB0-CFDBB2589548.html,2F2A7E4B-B152-BF2B-F545-9CA96493F756:Optional,,10.1007/978-0-387-30440-3_69
6F8803CB-097C-3C39-A2C7-34E0801F0FE4,Point Pattern Analysis,article,,Geographic Information Science &amp; Technology Body of Knowledge,http://readinglists.ucl.ac.uk/items/6F8803CB-097C-3C39-A2C7-34E0801F0FE4.html,14F7EC69-3236-486A-5D3B-01B939E718AE:Optional,25772848,10.22224/gistbok/2020.1.13
6FCBE35F-DED7-65EB-2AC7-B87ECA7D2BFB,"Mine your data: open data, digital strategies and entrepreneurial governance by code",article,0272-3638,Urban Geography,http://readinglists.ucl.ac.uk/items/6FCBE35F-DED7-65EB-2AC7-B87ECA7D2BFB.html,AEDE270D-2CDE-A8DD-D05F-2D85E0F4FEA1:Recommended,1938-2847,10.1080/02723638.2016.1139876
702B0F1B-E13F-EE73-F341-69F6374C79F2,"Mike Batty's Lectures on Models, Complexity, and Smart Cities at various places",website,,,http://readinglists.ucl.ac.uk/items/702B0F1B-E13F-EE73-F341-69F6374C79F2.html,2F2A7E4B-B152-BF2B-F545-9CA96493F756:Optional,,
71EB071B-9646-958B-64FC-90FA9F273F7D,Programming Environments: Environmentality and Citizen Sensing in the Smart City,article,0263-7758,Environment and Planning D: Society and Space,http://readinglists.ucl.ac.uk/items/71EB071B-9646-958B-64FC-90FA9F273F7D.html,AEDE270D-2CDE-A8DD-D05F-2D85E0F4FEA1:Optional,1472-3433,10.1068/d16812
721066DC-D2C2-D9EE-7E0F-9CD518A678E3,A Chronicle of Scientific Planning: The Anglo-American Modeling Experience,article,0194-4363,Journal of the American Planning Association,http://readinglists.ucl.ac.uk/items/721066DC-D2C2-D9EE-7E0F-9CD518A678E3.html,A6D7ED9B-ABF0-F08D-060D-726808C7AF2D,1939-0130,10.1080/01944369408975546
724415BC-4EE9-F7AA-4270-F7DD5D5D3239,Human Ecology,article,,American Journal of Sociology,http://readinglists.ucl.ac.uk/items/724415BC-4EE9-F7AA-4270-F7DD5D5D3239.html,2F2A7E4B-B152-BF2B-F545-9CA96493F756:Recommended,,
749547C3-F59C-5CE9-E3E9-22CEB6D80541,There is More than a Power Law in Zipf,article,,Scientific Reports,http://readinglists.ucl.ac.uk/items/749547C3-F59C-5CE9-E3E9-22CEB6D80541.html,2F2A7E4B-B152-BF2B-F545-9CA96493F756:Optional,2045-2322,10.1038/srep00812
75D1E768-C6E5-2374-D211-BF57AC3A820A,Spatial Autocorrelation and the Quantitative Revolution,article,,Geographical Analysis,http://readinglists.ucl.ac.uk/items/75D1E768-C6E5-2374-D211-BF57AC3A820A.html,F66757BF-E61E-B8BB-95A0-1F25B51E3818,,10.1111/j.1538-4632.2009.00763.x
793B834F-5F53-07AD-C380-467DFAAC6DA8,Doubt and the Algorithm: On the Partial Accounts of Machine Learning,article,0263-2764,"Theory, Culture &amp; Society",http://readinglists.ucl.ac.uk/items/793B834F-5F53-07AD-C380-467DFAAC6DA8.html,14F7EC69-3236-486A-5D3B-01B939E718AE:Essential,1460-3616,10.1177/0263276419851846
797B15E8-CD0F-9DF7-796C-0256104949AF,Introduction to Python with Microsoft Azure Notebooks,webpage,,,http://readinglists.ucl.ac.uk/items/797B15E8-CD0F-9DF7-796C-0256104949AF.html,14F7EC69-3236-486A-5D3B-01B939E718AE:Optional,,
7A27D8E4-3D84-6755-116B-117DF60C9C9F,Transforming our world: The 2030 agenda for sustainable development,document,,,http://readinglists.ucl.ac.uk/items/7A27D8E4-3D84-6755-116B-117DF60C9C9F.html,2F2A7E4B-B152-BF2B-F545-9CA96493F756:Optional,,
7A6FD2F7-7595-9C0F-84F9-21B9B04E1E41,SMM: A Maturity Model of Smart Cities Based on Sustainability Indicators of the ISO 37122,article,23496495,International Journal of Advanced Engineering Research and Science,http://readinglists.ucl.ac.uk/items/7A6FD2F7-7595-9C0F-84F9-21B9B04E1E41.html,AEDE270D-2CDE-A8DD-D05F-2D85E0F4FEA1:Optional,24561908,10.22161/ijaers.6.2.2
7AA480A7-14EC-3EC2-EC7C-3939ABE4F3DF,Geographies of policy knowledge: The state and corporate dimensions of contemporary policy mobilities,article,738793,Cities,http://readinglists.ucl.ac.uk/items/7AA480A7-14EC-3EC2-EC7C-3939ABE4F3DF.html,AEDE270D-2CDE-A8DD-D05F-2D85E0F4FEA1:Optional,,10.1016/j.cities.2017.01.001
7AA9D6A8-7BE7-341D-BB3C-319E94D54ECE,The London Output Area Classification (LOAC),document,,,http://readinglists.ucl.ac.uk/items/7AA9D6A8-7BE7-341D-BB3C-319E94D54ECE.html,2F2A7E4B-B152-BF2B-F545-9CA96493F756:Optional,,
7DD5B416-D17C-AFE9-A3E2-CE437E8935ED,"Social practice, plural lifestyles and health inequalities in the United Kingdom",article,,Sociology of Health &amp; Illness,http://readinglists.ucl.ac.uk/items/7DD5B416-D17C-AFE9-A3E2-CE437E8935ED.html,2F2A7E4B-B152-BF2B-F545-9CA96493F756:Optional,,10.1111/1467-9566.12780
8161203C-AAB2-C98B-98AE-C2E66B9A48F2,Critical Truths About Power Laws,article,0036-8075,Science,http://readinglists.ucl.ac.uk/items/8161203C-AAB2-C98B-98AE-C2E66B9A48F2.html,2F2A7E4B-B152-BF2B-F545-9CA96493F756:Optional,1095-9203,10.1126/science.1216142
834576DA-B135-9600-C7BD-8260656D4E14,How to write a paper for publication,article,14439506,"Heart, Lung and Circulation",http://readinglists.ucl.ac.uk/items/834576DA-B135-9600-C7BD-8260656D4E14.html,F66757BF-E61E-B8BB-95A0-1F25B51E3818,,10.1046/j.1444-2892.2000.00031.x
839871C4-A74B-B01B-8198-458FF1193F2B,Geographically Weighted Regression,chapter,,International Encyclopedia of Human Geography,http://readinglists.ucl.ac.uk/items/839871C4-A74B-B01B-8198-458FF1193F2B.html,F66757BF-E61E-B8BB-95A0-1F25B51E3818,,
86AECFC1-D548-B113-6F22-256583B207B2,Local Indicators of Spatial Association-LISA,article,,Geographical Analysis,http://readinglists.ucl.ac.uk/items/86AECFC1-D548-B113-6F22-256583B207B2.html,F66757BF-E61E-B8BB-95A0-1F25B51E3818,,10.1111/j.1538-4632.1995.tb00338.x
881EA686-47F1-30B9-45FB-4E5A1E9422F0,"Growth, innovation, scaling, and the pace of life in cities",article,0027-8424,Proceedings of the National Academy of Sciences,http://readinglists.ucl.ac.uk/items/881EA686-47F1-30B9-45FB-4E5A1E9422F0.html,2F2A7E4B-B152-BF2B-F545-9CA96493F756:Optional,1091-6490,10.1073/pnas.0610172104
89F4BE99-2B48-20DF-275C-E74DC4672670,New Approaches for Calculating Moran’s Index of Spatial Autocorrelation,article,,PLoS ONE,http://readinglists.ucl.ac.uk/items/89F4BE99-2B48-20DF-275C-E74DC4672670.html,F66757BF-E61E-B8BB-95A0-1F25B51E3818,1932-6203,10.1371/journal.pone.0068336
8A39F35B-1D4F-F980-15CB-4E0513FAF458,"Boltzmann, Lotka and Volterra and spatial structural evolution: an integrated methodology for some dynamical systems",article,1742-5689,Journal of The Royal Society Interface,http://readinglists.ucl.ac.uk/items/8A39F35B-1D4F-F980-15CB-4E0513FAF458.html,A6D7ED9B-ABF0-F08D-060D-726808C7AF2D,1742-5662,10.1098/rsif.2007.1288
8B4D1104-7774-7BA1-D6AC-388ABC4A26D3,Complexity Explorer: Santa Fe Institute,website,,,http://readinglists.ucl.ac.uk/items/8B4D1104-7774-7BA1-D6AC-388ABC4A26D3.html,2F2A7E4B-B152-BF2B-F545-9CA96493F756:Optional,,
8B598928-6213-17C0-15E3-124F09E84DB2,Cities and the Creative Class,article,1535-6841,City and Community,http://readinglists.ucl.ac.uk/items/8B598928-6213-17C0-15E3-124F09E84DB2.html,2F2A7E4B-B152-BF2B-F545-9CA96493F756:Optional,1540-6040,10.1111/1540-6040.00034
8B762068-35E0-F280-2110-0FD7B35A80A4,Measuring the Information Society Report 2017,document,,,http://readinglists.ucl.ac.uk/items/8B762068-35E0-F280-2110-0FD7B35A80A4.html,AEDE270D-2CDE-A8DD-D05F-2D85E0F4FEA1:Optional,,
8BA85FC6-AAFD-F5FD-B519-B927E55332A3,State of European Cities Report: Adding value to the European Urban Audit,document,,,http://readinglists.ucl.ac.uk/items/8BA85FC6-AAFD-F5FD-B519-B927E55332A3.html,2F2A7E4B-B152-BF2B-F545-9CA96493F756:Optional,,
8BC25916-E1CC-B625-43F9-B1B8D43E4866,The English Indices of Deprivation 2015: Technical Report,document,,,http://readinglists.ucl.ac.uk/items/8BC25916-E1CC-B625-43F9-B1B8D43E4866.html,2F2A7E4B-B152-BF2B-F545-9CA96493F756:Optional,,
8C1A757C-AC9E-22B5-218E-2F3A2F18B98D,Adam's RPubs website,webpage,,,http://readinglists.ucl.ac.uk/items/8C1A757C-AC9E-22B5-218E-2F3A2F18B98D.html,F66757BF-E61E-B8BB-95A0-1F25B51E3818,,
8DE76B5A-8450-6684-3913-039948FECF53,Owning the city: New media and citizen engagement in urban design,article,13960466,First Monday,http://readinglists.ucl.ac.uk/items/8DE76B5A-8450-6684-3913-039948FECF53.html,AEDE270D-2CDE-A8DD-D05F-2D85E0F4FEA1:Optional,13960466,
8E855EF4-1AFA-05AD-ECFC-A63CE019ED22,Building regression models: the importance of graphics,article,0309-8265,Journal of Geography in Higher Education,http://readinglists.ucl.ac.uk/items/8E855EF4-1AFA-05AD-ECFC-A63CE019ED22.html,F66757BF-E61E-B8BB-95A0-1F25B51E3818,1466-1845,10.1080/03098268908709055
8EF69024-6448-2160-2304-4833513A3A8B,A Final Tale or You Can Prove Anything with Figures,document,,,http://readinglists.ucl.ac.uk/items/8EF69024-6448-2160-2304-4833513A3A8B.html,14F7EC69-3236-486A-5D3B-01B939E718AE:Essential,,
8EF6B481-A244-AB95-26F0-05E14772F5B8,"Chapter 3: On Rational, Scientific, Objective Viewpoints from Mythical, Imaginary, Impossible Standpoints",chapter,,Data Feminism,http://readinglists.ucl.ac.uk/items/8EF6B481-A244-AB95-26F0-05E14772F5B8.html,14F7EC69-3236-486A-5D3B-01B939E718AE:Essential,,
8F96FC1D-C528-8430-E44C-FBFF12EBED27,Algorithm for Automated Mapping of Land Surface Temperature Using LANDSAT 8 Satellite Data,article,1687-725X,Journal of Sensors,http://readinglists.ucl.ac.uk/items/8F96FC1D-C528-8430-E44C-FBFF12EBED27.html,F66757BF-E61E-B8BB-95A0-1F25B51E3818,1687-7268,10.1155/2016/1480307
9096CC73-7039-AA1D-3800-AADDAF139615,The political topology of urban uprisings,article,0272-3638,Urban Geography,http://readinglists.ucl.ac.uk/items/9096CC73-7039-AA1D-3800-AADDAF139615.html,2F2A7E4B-B152-BF2B-F545-9CA96493F756:Optional,1938-2847,10.1080/02723638.2016.1168568
90FF0361-647C-BB08-8932-EA9201B698C8,ISO and smart cities,document,,,http://readinglists.ucl.ac.uk/items/90FF0361-647C-BB08-8932-EA9201B698C8.html,AEDE270D-2CDE-A8DD-D05F-2D85E0F4FEA1:Optional,,
9231B84B-A472-B6EB-EA86-A3016B4F5BD0,Smart cities and attracting knowledge workers: Which cities attract highly-educated workers in the 21st century?,article,,Papers in Regional Science,http://readinglists.ucl.ac.uk/items/9231B84B-A472-B6EB-EA86-A3016B4F5BD0.html,AEDE270D-2CDE-A8DD-D05F-2D85E0F4FEA1:Optional,,10.1111/pirs.12163
929CBDF1-8586-0C62-3E0C-8402A64AEA39,Alex Singleton's RPubs website,webpage,,,http://readinglists.ucl.ac.uk/items/929CBDF1-8586-0C62-3E0C-8402A64AEA39.html,F66757BF-E61E-B8BB-95A0-1F25B51E3818,,
93D5F8A2-9B14-B598-D861-837BBA8B4153,IESE Cities in Motion Index 2018,document,,,http://readinglists.ucl.ac.uk/items/93D5F8A2-9B14-B598-D861-837BBA8B4153.html,AEDE270D-2CDE-A8DD-D05F-2D85E0F4FEA1:Optional,,
9401B986-5D0E-7EC8-7C82-C6B414345624,Quantitative methods III: Strength in numbers?,article,0309-1325,Progress in Human Geography,http://readinglists.ucl.ac.uk/items/9401B986-5D0E-7EC8-7C82-C6B414345624.html,14F7EC69-3236-486A-5D3B-01B939E718AE:Essential,1477-0288,10.1177/03091325231210512
944AF5FF-C6B5-62DF-8BC7-05A5865F7921,Chapter 6 (Power and urban segregation) / Chapter 7 (Power and land markets) / Chapter 8 (Segregation and urban economies),chapter,,Building the inclusive city: theory and practice for confronting urban segregation,http://readinglists.ucl.ac.uk/items/944AF5FF-C6B5-62DF-8BC7-05A5865F7921.html,2F2A7E4B-B152-BF2B-F545-9CA96493F756:Essential,,
95EA91A6-9C3B-0C06-3302-24C37E65CE25,Gis methods in time‐geographic research: geocomputation and geovisualization of human activity patterns,article,0435-3684,"Geografiska Annaler: Series B, Human Geography",http://readinglists.ucl.ac.uk/items/95EA91A6-9C3B-0C06-3302-24C37E65CE25.html,2F2A7E4B-B152-BF2B-F545-9CA96493F756:Optional,1468-0467,10.1111/j.0435-3684.2004.00167.x
96F388E6-6439-3119-F855-F95D7481AAB8,Quantitative geography III: Future challenges and challenging futures,article,0309-1325,Progress in Human Geography,http://readinglists.ucl.ac.uk/items/96F388E6-6439-3119-F855-F95D7481AAB8.html,14F7EC69-3236-486A-5D3B-01B939E718AE:Essential,1477-0288,10.1177/0309132520924722
975716C4-FE71-F390-A324-7B7CCF869590,Generalization,chapter,,International Encyclopedia of Human Geography,http://readinglists.ucl.ac.uk/items/975716C4-FE71-F390-A324-7B7CCF869590.html,F66757BF-E61E-B8BB-95A0-1F25B51E3818,,
98403D6D-C667-E812-18FD-0412D2BF37FD,Agenda 21,document,,,http://readinglists.ucl.ac.uk/items/98403D6D-C667-E812-18FD-0412D2BF37FD.html,2F2A7E4B-B152-BF2B-F545-9CA96493F756:Optional,,
993B1D1A-DEF6-03F8-D22D-860E63F0ABCB,Smartmentality: The Smart City as Disciplinary Strategy,article,0042-0980,Urban Studies,http://readinglists.ucl.ac.uk/items/993B1D1A-DEF6-03F8-D22D-860E63F0ABCB.html,AEDE270D-2CDE-A8DD-D05F-2D85E0F4FEA1:Optional,1360-063X,10.1177/0042098013494427
9B005C72-EDCB-5E27-43AE-8B4A6F36DFBA,UrbanSim: Modelling Urban Development for Land Use,article,1939-0130,Journal of the American Planning Association,http://readinglists.ucl.ac.uk/items/9B005C72-EDCB-5E27-43AE-8B4A6F36DFBA.html,A6D7ED9B-ABF0-F08D-060D-726808C7AF2D,,10.1080/01944360208976274
9BE8F165-C845-3C79-50B4-EC8BDFC176A6,Data-driven geography,article,0343-2521,GeoJournal,http://readinglists.ucl.ac.uk/items/9BE8F165-C845-3C79-50B4-EC8BDFC176A6.html,14F7EC69-3236-486A-5D3B-01B939E718AE:Essential,1572-9893,10.1007/s10708-014-9602-6
9C9634A7-535D-74A2-629A-2A9C07FFBBC6,Rethinking 'distance' in New York City,webpage,,,http://readinglists.ucl.ac.uk/items/9C9634A7-535D-74A2-629A-2A9C07FFBBC6.html,14F7EC69-3236-486A-5D3B-01B939E718AE:Recommended,,
9E146C9E-B2AA-6BA4-D59E-7398B9D03E24,The City as Assemblage: Dwelling and Urban Space,article,0263-7758,Environment and Planning D: Society and Space,http://readinglists.ucl.ac.uk/items/9E146C9E-B2AA-6BA4-D59E-7398B9D03E24.html,2F2A7E4B-B152-BF2B-F545-9CA96493F756:Optional,1472-3433,10.1068/d4710
9FCB97BE-7B81-E877-729D-29246AFF4D93,UK Smart Cities Index Assessment of Strategy and Execution of the UK’s Leading Smart Cities,document,,,http://readinglists.ucl.ac.uk/items/9FCB97BE-7B81-E877-729D-29246AFF4D93.html,AEDE270D-2CDE-A8DD-D05F-2D85E0F4FEA1:Optional,,
A0BA9522-407D-068B-9777-8E68E60E1305,A General Model for the Origin of Allometric Scaling Laws in Biology,article,00368075,Science,http://readinglists.ucl.ac.uk/items/A0BA9522-407D-068B-9777-8E68E60E1305.html,2F2A7E4B-B152-BF2B-F545-9CA96493F756:Optional,10959203,10.1126/science.276.5309.122
A25CC4FF-1AF6-D7BF-A76A-80114392C6A3,The Value of the EU Public Domain,webpage,,,http://readinglists.ucl.ac.uk/items/A25CC4FF-1AF6-D7BF-A76A-80114392C6A3.html,AEDE270D-2CDE-A8DD-D05F-2D85E0F4FEA1:Optional,,10.17863/CAM.1051
A2A4A239-9386-05A3-40FA-D14A3E960866,Emergence of Scaling in Random Networks,article,00368075,Science,http://readinglists.ucl.ac.uk/items/A2A4A239-9386-05A3-40FA-D14A3E960866.html,A6D7ED9B-ABF0-F08D-060D-726808C7AF2D,10959203,10.1126/science.286.5439.509
A2E846DF-6009-4B12-E9F8-9BF8866F40EF,"Constructing cities, deconstructing scaling laws",article,1742-5689,Journal of The Royal Society Interface,http://readinglists.ucl.ac.uk/items/A2E846DF-6009-4B12-E9F8-9BF8866F40EF.html,2F2A7E4B-B152-BF2B-F545-9CA96493F756:Recommended,1742-5662,10.1098/rsif.2014.0745
A3271EF5-B2AB-5FE4-9D01-3B13760BE501,THE QUANTITATIVE REVOLUTION AND THEORETICAL GEOGRAPHY,article,0008-3658,The Canadian Geographer/Le Géographe canadien,http://readinglists.ucl.ac.uk/items/A3271EF5-B2AB-5FE4-9D01-3B13760BE501.html,14F7EC69-3236-486A-5D3B-01B939E718AE:Essential,1541-0064,10.1111/j.1541-0064.1963.tb00796.x
A37D85E3-6567-22CF-F3B4-BA46EF50054A,Chris Brunsdon's RPubs Website,webpage,,,http://readinglists.ucl.ac.uk/items/A37D85E3-6567-22CF-F3B4-BA46EF50054A.html,F66757BF-E61E-B8BB-95A0-1F25B51E3818,,
A3D94270-CDCC-88AB-1C26-BDB4F698D67D,Charles Booth's London,website,,,http://readinglists.ucl.ac.uk/items/A3D94270-CDCC-88AB-1C26-BDB4F698D67D.html,2F2A7E4B-B152-BF2B-F545-9CA96493F756:Optional,,
A591C806-2DE4-21BF-CD8A-3FD09C3997C1,Gibrat's Law for (All) Cities,article,0002-8282,American Economic Review,http://readinglists.ucl.ac.uk/items/A591C806-2DE4-21BF-CD8A-3FD09C3997C1.html,2F2A7E4B-B152-BF2B-F545-9CA96493F756:Optional,,10.1257/0002828043052303
A67F40B1-CE63-FC09-7D15-A182013361D5,Focus Group on Smart Sustainable Cities,webpage,,,http://readinglists.ucl.ac.uk/items/A67F40B1-CE63-FC09-7D15-A182013361D5.html,AEDE270D-2CDE-A8DD-D05F-2D85E0F4FEA1:Optional,,
A75D35C8-FADB-83F0-175D-8EF358777EA5,In: Proceedings of the First ACM International Workshop on the Engineering of Reliable,journal,,,http://readinglists.ucl.ac.uk/items/A75D35C8-FADB-83F0-175D-8EF358777EA5.html,AEDE270D-2CDE-A8DD-D05F-2D85E0F4FEA1:Optional,,
A9AE0CAA-72FB-D1B5-DBF3-D144852FADB2,"Hidden Cities, Unmasking and Overcoming Health Inequities in Urban Settings",document,,,http://readinglists.ucl.ac.uk/items/A9AE0CAA-72FB-D1B5-DBF3-D144852FADB2.html,2F2A7E4B-B152-BF2B-F545-9CA96493F756:Optional,,
A9EAB1CE-5F67-B5E2-00E8-698307615E3A,Mission Control: A History of the Urban Dashboard,article,,Places Journal,http://readinglists.ucl.ac.uk/items/A9EAB1CE-5F67-B5E2-00E8-698307615E3A.html,14F7EC69-3236-486A-5D3B-01B939E718AE:Essential,21647798,10.22269/150309
AAC61812-E695-836D-E6BB-F911772140D8,"Smart Cities: Definitions, Dimensions, Performance, and Initiatives",article,1063-0732,Journal of Urban Technology,http://readinglists.ucl.ac.uk/items/AAC61812-E695-836D-E6BB-F911772140D8.html,AEDE270D-2CDE-A8DD-D05F-2D85E0F4FEA1:Recommended,1466-1853,10.1080/10630732.2014.942092
AC709161-AF6C-CC24-0C16-A21B0253D64F,"The dimensions of global urban expansion: Estimates and projections for all countries, 2000–2050",article,03059006,Progress in Planning,http://readinglists.ucl.ac.uk/items/AC709161-AF6C-CC24-0C16-A21B0253D64F.html,2F2A7E4B-B152-BF2B-F545-9CA96493F756:Recommended,,10.1016/j.progress.2011.04.001
ACE9524D-0FD5-BC63-EAE8-E21F1926373E,2018 reform of EU data protection rules | European Commission,webpage,,,http://readinglists.ucl.ac.uk/items/ACE9524D-0FD5-BC63-EAE8-E21F1926373E.html,AEDE270D-2CDE-A8DD-D05F-2D85E0F4FEA1:Optional,,
AD0367A1-7BE1-91C6-FA26-EA6D72E717D9,Local Spatial Autocorrelation Statistics: Distributional Issues and an Application,article,,Geographical Analysis,http://readinglists.ucl.ac.uk/items/AD0367A1-7BE1-91C6-FA26-EA6D72E717D9.html,F66757BF-E61E-B8BB-95A0-1F25B51E3818,,10.1111/j.1538-4632.1995.tb00912.x
AE7CF33D-1302-1C90-2C11-99576C30B2A1,Chapter 4 - Building Blocks of Spatial Analysis,chapter,,Geospatial Analysis - spatial and GIS analysis techniques and GIS software,http://readinglists.ucl.ac.uk/items/AE7CF33D-1302-1C90-2C11-99576C30B2A1.html,F66757BF-E61E-B8BB-95A0-1F25B51E3818,,
AE9A241B-8889-9ED5-29F3-04CBF51AF17F,"Mobilizing policy: Models, methods, and mutations",article,00167185,Geoforum,http://readinglists.ucl.ac.uk/items/AE9A241B-8889-9ED5-29F3-04CBF51AF17F.html,AEDE270D-2CDE-A8DD-D05F-2D85E0F4FEA1:Optional,,10.1016/j.geoforum.2010.01.002
AEB2513E-B6AD-B370-A57D-1892281A8CD6,Power-Law Distributions in Empirical Data,article,0036-1445,SIAM Review,http://readinglists.ucl.ac.uk/items/AEB2513E-B6AD-B370-A57D-1892281A8CD6.html,2F2A7E4B-B152-BF2B-F545-9CA96493F756:Optional,1095-7200,10.1137/070710111
AEC3933C-F787-20D8-4AB1-266C81E5E2B9,Hackathons as Co-optation Ritual: Socializing Workers and Institutionalizing Innovation in the “New” Economy,chapter,,Precarious Work,http://readinglists.ucl.ac.uk/items/AEC3933C-F787-20D8-4AB1-266C81E5E2B9.html,AEDE270D-2CDE-A8DD-D05F-2D85E0F4FEA1:Optional,,10.1108/S0277-283320170000031005
AEEEBF6B-4768-96C2-4E3A-CCA1FAC0827E,"Social organization, stress, and health",chapter,,Social Determinants of Health,http://readinglists.ucl.ac.uk/items/AEEEBF6B-4768-96C2-4E3A-CCA1FAC0827E.html,2F2A7E4B-B152-BF2B-F545-9CA96493F756:Optional,,10.1093/acprof:oso/9780198565895.003.02
AF28D9C3-6A5E-3291-6D36-0F7E300BDC80,Robust statistical tests of Dragon-Kings beyond power law distributions,article,1951-6355,The European Physical Journal Special Topics,http://readinglists.ucl.ac.uk/items/AF28D9C3-6A5E-3291-6D36-0F7E300BDC80.html,2F2A7E4B-B152-BF2B-F545-9CA96493F756:Optional,1951-6401,10.1140/epjst/e2012-01564-8
AF4AF9D8-FFF2-40D0-54CA-7B640D8FF9C0,Thinking Geographically: Globalizing Capitalism and Beyond,article,0004-5608,Annals of the Association of American Geographers,http://readinglists.ucl.ac.uk/items/AF4AF9D8-FFF2-40D0-54CA-7B640D8FF9C0.html,2F2A7E4B-B152-BF2B-F545-9CA96493F756:Essential,1467-8306,10.1080/00045608.2015.1064513
AF5D44CA-E8AD-D005-0CAF-11206CE34BE4,Sustainable Connected Cities: Vision and Blueprint towards Managing IT for City Prosperity and Sustainability,chapter,,Design Science: Perspectives from Europe,http://readinglists.ucl.ac.uk/items/AF5D44CA-E8AD-D005-0CAF-11206CE34BE4.html,AEDE270D-2CDE-A8DD-D05F-2D85E0F4FEA1:Optional,,10.1007/978-3-319-13936-4_8
AF9765C5-6C7C-56AF-0EA3-B4DA51CC9786,The real-time city? Big data and smart urbanism,article,0343-2521,GeoJournal,http://readinglists.ucl.ac.uk/items/AF9765C5-6C7C-56AF-0EA3-B4DA51CC9786.html,AEDE270D-2CDE-A8DD-D05F-2D85E0F4FEA1:Recommended,1572-9893,10.1007/s10708-013-9516-8
B19D238D-684A-57A4-6112-C6B84C085B23,Exploring the Appropriateness of Different Immersive Environments in the Context of an Innovation Process for Smart Cities,article,,,http://readinglists.ucl.ac.uk/items/B19D238D-684A-57A4-6112-C6B84C085B23.html,AEDE270D-2CDE-A8DD-D05F-2D85E0F4FEA1:Optional,,
B303A375-B53A-4284-EC3C-34D1C3841411,Raster analysis in R,webpage,,,http://readinglists.ucl.ac.uk/items/B303A375-B53A-4284-EC3C-34D1C3841411.html,F66757BF-E61E-B8BB-95A0-1F25B51E3818,,
B3B39D39-E4C8-034B-C6B5-F65FEDB7B918,On the First Law of Geography: A Reply,article,0004-5608,Annals of the Association of American Geographers,http://readinglists.ucl.ac.uk/items/B3B39D39-E4C8-034B-C6B5-F65FEDB7B918.html,F66757BF-E61E-B8BB-95A0-1F25B51E3818,1467-8306,10.1111/j.1467-8306.2004.09402009.x
B5D29CFB-E023-7A67-1B78-66AD54D2BA05,Living labs and vacancy in the neoliberal city,article,738793,Cities,http://readinglists.ucl.ac.uk/items/B5D29CFB-E023-7A67-1B78-66AD54D2BA05.html,AEDE270D-2CDE-A8DD-D05F-2D85E0F4FEA1:Optional,,10.1016/j.cities.2017.10.008
B7055F3C-C34D-A527-233A-E87D8EF03692,A Ladder Of Citizen Participation,article,0002-8991,Journal of the American Institute of Planners,http://readinglists.ucl.ac.uk/items/B7055F3C-C34D-A527-233A-E87D8EF03692.html,AEDE270D-2CDE-A8DD-D05F-2D85E0F4FEA1:Optional,,10.1080/01944366908977225
B7171510-7BC0-E7FC-3E7A-6C57D5EA97B3,"Chapter 5: Unicorns Janitors, Ninjas, Wizards, and Rock Stars",chapter,,Data Feminism,http://readinglists.ucl.ac.uk/items/B7171510-7BC0-E7FC-3E7A-6C57D5EA97B3.html,14F7EC69-3236-486A-5D3B-01B939E718AE:Essential,,
B76A5718-5424-98E4-6DDB-C3339E35E18F,ArcGIS Help 10.1 - How Spatial Autocorrelation (Global Moran&#039;s I) works,webpage,,,http://readinglists.ucl.ac.uk/items/B76A5718-5424-98E4-6DDB-C3339E35E18F.html,F66757BF-E61E-B8BB-95A0-1F25B51E3818,,
B98DE59F-8659-C4BE-7A24-59878DFEDBB4,Reinventing the suburbs: Old myths and new realities,article,03059006,Progress in Planning,http://readinglists.ucl.ac.uk/items/B98DE59F-8659-C4BE-7A24-59878DFEDBB4.html,2F2A7E4B-B152-BF2B-F545-9CA96493F756:Optional,,10.1016/0305-9006(96)88868-4
BA45123F-3532-7640-C6BD-A9160DEF7499,7 Survival and Arena,chapter,,Timing space and spacing time: Vol.2: Human activity and time geography,http://readinglists.ucl.ac.uk/items/BA45123F-3532-7640-C6BD-A9160DEF7499.html,2F2A7E4B-B152-BF2B-F545-9CA96493F756:Optional,,
BDEDFF21-2EF8-2703-9C81-83D1C7471728,The cultural contradictions of the creative city,article,18779166,"City, Culture and Society",http://readinglists.ucl.ac.uk/items/BDEDFF21-2EF8-2703-9C81-83D1C7471728.html,2F2A7E4B-B152-BF2B-F545-9CA96493F756:Optional,,10.1016/j.ccs.2011.08.002
BE330CC2-F140-51F1-2EA1-3E12C109A49D,Scaling and Hierarchy in Urban Economies,article,,,http://readinglists.ucl.ac.uk/items/BE330CC2-F140-51F1-2EA1-3E12C109A49D.html,2F2A7E4B-B152-BF2B-F545-9CA96493F756:Optional,,
BEBD651E-FC96-B3ED-C47A-68807159F2E9,"R for Data Science, chapter 21 and 23",website,,,http://readinglists.ucl.ac.uk/items/BEBD651E-FC96-B3ED-C47A-68807159F2E9.html,F66757BF-E61E-B8BB-95A0-1F25B51E3818,,
BFFD249C-CF97-6A62-405C-1C905219F6BD,Introduction to Python Programming: Python Training - Microsoft Virtual Academy,webpage,,,http://readinglists.ucl.ac.uk/items/BFFD249C-CF97-6A62-405C-1C905219F6BD.html,14F7EC69-3236-486A-5D3B-01B939E718AE:Optional,,
C2501F7E-4CBF-AD34-9746-6C069ADDED1A,"Beginning Statistics - chapter 2, descriptive statistics",chapter,,,http://readinglists.ucl.ac.uk/items/C2501F7E-4CBF-AD34-9746-6C069ADDED1A.html,F66757BF-E61E-B8BB-95A0-1F25B51E3818,,
C2EB8204-9411-0493-8D4E-A1E926522311,The Factorial Ecology of Calcutta,article,0002-9602,American Journal of Sociology,http://readinglists.ucl.ac.uk/items/C2EB8204-9411-0493-8D4E-A1E926522311.html,2F2A7E4B-B152-BF2B-F545-9CA96493F756:Optional,1537-5390,10.1086/224681
C4BBE991-C9C1-20E7-1A72-54691E16AE13,Analysing Spatial Point Patterns in R - Workshop,document,,,http://readinglists.ucl.ac.uk/items/C4BBE991-C9C1-20E7-1A72-54691E16AE13.html,F66757BF-E61E-B8BB-95A0-1F25B51E3818,,
C52EE8F3-21E8-8361-7C88-196B334D3E6D,"Who's right, Marshall or Jacobs? The localization versus urbanization debate",article,00487333,Research Policy,http://readinglists.ucl.ac.uk/items/C52EE8F3-21E8-8361-7C88-196B334D3E6D.html,AEDE270D-2CDE-A8DD-D05F-2D85E0F4FEA1:Recommended,,10.1016/j.respol.2008.11.010
C539B2F4-1451-1111-ACB6-C095603FA1E8,The New Urban Agenda - Habitat III,document,,,http://readinglists.ucl.ac.uk/items/C539B2F4-1451-1111-ACB6-C095603FA1E8.html,2F2A7E4B-B152-BF2B-F545-9CA96493F756:Optional,,
C56185E5-7712-923A-C6EA-578883794656,"New urban utopias of postcolonial India: ‘Entrepreneurial urbanization’ in Dholera smart city, Gujarat",article,,,http://readinglists.ucl.ac.uk/items/C56185E5-7712-923A-C6EA-578883794656.html,AEDE270D-2CDE-A8DD-D05F-2D85E0F4FEA1:Optional,,
C615C415-47C0-255F-83CF-F881A952FC54,"Entrepreneurial Urbanism, Policy Tourism, and the Making Mobile of Policies",chapter,,The New Blackwell Companion to the City,http://readinglists.ucl.ac.uk/items/C615C415-47C0-255F-83CF-F881A952FC54.html,2F2A7E4B-B152-BF2B-F545-9CA96493F756:Optional,,10.1002/9781444395105.ch63
C9393F47-5A03-02DA-0DE6-DA558C11D296,Evaluation and Planning: Inseparable Concepts,article,,The Town Planning Review,http://readinglists.ucl.ac.uk/items/C9393F47-5A03-02DA-0DE6-DA558C11D296.html,AEDE270D-2CDE-A8DD-D05F-2D85E0F4FEA1,,
C9A3FDA1-71AB-5225-1C4C-938702D6D674,Class Places and Place Classes: Geodemographics and the spatialization of class,article,1369-118X,"Information, Communication &amp; Society",http://readinglists.ucl.ac.uk/items/C9A3FDA1-71AB-5225-1C4C-938702D6D674.html,2F2A7E4B-B152-BF2B-F545-9CA96493F756:Optional,1468-4462,10.1080/13691180701751122
CA7E9043-FA60-50F4-8DC1-9EA206C16840,SSCC-CG final report,document,,,http://readinglists.ucl.ac.uk/items/CA7E9043-FA60-50F4-8DC1-9EA206C16840.html,AEDE270D-2CDE-A8DD-D05F-2D85E0F4FEA1:Optional,,
CAEFCB9A-40E4-0A94-9246-8CD7E192B5BE,WHAT ABOUT PEOPLE IN REGIONAL SCIENCE?,article,,Papers in Regional Science,http://readinglists.ucl.ac.uk/items/CAEFCB9A-40E4-0A94-9246-8CD7E192B5BE.html,2F2A7E4B-B152-BF2B-F545-9CA96493F756:Essential,,10.1111/j.1435-5597.1970.tb01464.x
CB0E9E0E-AF51-B0C5-20F4-10C68BE7ED1D,First Law of Geography,chapter,,International Encyclopedia of Human Geography,http://readinglists.ucl.ac.uk/items/CB0E9E0E-AF51-B0C5-20F4-10C68BE7ED1D.html,F66757BF-E61E-B8BB-95A0-1F25B51E3818,,
CC931F2C-ECFF-C915-F5D2-229B2A36F573,Global firms and smart technologies: IBM and the reduction of cities,article,,Transactions of the Institute of British Geographers,http://readinglists.ucl.ac.uk/items/CC931F2C-ECFF-C915-F5D2-229B2A36F573.html,AEDE270D-2CDE-A8DD-D05F-2D85E0F4FEA1:Optional,,10.1111/tran.12098
CC980CB8-B8D8-850B-0053-8C4FA1882BFC,What Makes a Social Class? On The Theoretical and Practical Existence Of Groups,article,00675830,Berkeley Journal of Sociology,http://readinglists.ucl.ac.uk/items/CC980CB8-B8D8-850B-0053-8C4FA1882BFC.html,2F2A7E4B-B152-BF2B-F545-9CA96493F756:Optional,,
CCD3D75D-07CD-4E8D-A4E1-F3F30F1C4FEA,Feminist Critiques of GIS,article,,Geographic Information Science &amp; Technology Body of Knowledge,http://readinglists.ucl.ac.uk/items/CCD3D75D-07CD-4E8D-A4E1-F3F30F1C4FEA.html,14F7EC69-3236-486A-5D3B-01B939E718AE:Optional,25772848,10.22224/gistbok/2019.2.12
CD337F7B-B074-5FAE-E5D5-6AF36BD98306,Spatial data science raster package,webpage,,,http://readinglists.ucl.ac.uk/items/CD337F7B-B074-5FAE-E5D5-6AF36BD98306.html,F66757BF-E61E-B8BB-95A0-1F25B51E3818,,
CD48160F-9827-11C1-C5F8-7219E769A75A,Recommendations for implementing the strategic initiative INDUSTRIE 4.0,document,,,http://readinglists.ucl.ac.uk/items/CD48160F-9827-11C1-C5F8-7219E769A75A.html,AEDE270D-2CDE-A8DD-D05F-2D85E0F4FEA1:Optional,,
CE1E6E03-E700-97DD-0D3B-443DC0FE70BD,Smart Citizens: Exploring the Tools of the Urban Bottom-Up Movement,article,0925-9724,Computer Supported Cooperative Work (CSCW),http://readinglists.ucl.ac.uk/items/CE1E6E03-E700-97DD-0D3B-443DC0FE70BD.html,AEDE270D-2CDE-A8DD-D05F-2D85E0F4FEA1:Optional,1573-7551,10.1007/s10606-016-9249-6
CEC03F98-FA18-6C14-6AD0-A733C0D94702,Geo-Refer > Online Geographical Referencing Resources for Social Scientists -- Resources,webpage,,,http://readinglists.ucl.ac.uk/items/CEC03F98-FA18-6C14-6AD0-A733C0D94702.html,F66757BF-E61E-B8BB-95A0-1F25B51E3818,,
CF0A22AE-13E1-ABE4-5198-B7CECDE8EA82,International Open Data Charter,webpage,,,http://readinglists.ucl.ac.uk/items/CF0A22AE-13E1-ABE4-5198-B7CECDE8EA82.html,AEDE270D-2CDE-A8DD-D05F-2D85E0F4FEA1:Optional,,
CFCA8DE6-5BD9-CA17-F159-0F31955CF057,Big Data and the City,article,02637960,Built Environment,http://readinglists.ucl.ac.uk/items/CFCA8DE6-5BD9-CA17-F159-0F31955CF057.html,AEDE270D-2CDE-A8DD-D05F-2D85E0F4FEA1:Optional,,10.2148/benv.42.3.321
D01B42D2-115F-E1FE-EFC2-8A3D04591E1B,"Spatial Clustering, Detection and Analysis of",chapter,,International Encyclopedia of Human Geography,http://readinglists.ucl.ac.uk/items/D01B42D2-115F-E1FE-EFC2-8A3D04591E1B.html,F66757BF-E61E-B8BB-95A0-1F25B51E3818,,
D0AE0D1A-7375-1284-47F8-99FEE3CF26B1,Provincializing Critical Urban Theory: Extending the Ecosystem of Possibilities,article,,International Journal of Urban and Regional Research,http://readinglists.ucl.ac.uk/items/D0AE0D1A-7375-1284-47F8-99FEE3CF26B1.html,2F2A7E4B-B152-BF2B-F545-9CA96493F756:Optional,,10.1111/1468-2427.12277
D143D841-6FB8-4D9E-8945-F35E190BF430,A Theoretical Foundation for the Concept of Differential Urbanization,article,0160-0176,International Regional Science Review,http://readinglists.ucl.ac.uk/items/D143D841-6FB8-4D9E-8945-F35E190BF430.html,2F2A7E4B-B152-BF2B-F545-9CA96493F756:Recommended,,10.1177/016001769301500202
D272DC27-31E3-58AB-024E-02096A69FA75,Lessons Learned from Testing the Differential Urbanisation Model,article,0040-747X,Tijdschrift voor Economische en Sociale Geografie,http://readinglists.ucl.ac.uk/items/D272DC27-31E3-58AB-024E-02096A69FA75.html,2F2A7E4B-B152-BF2B-F545-9CA96493F756:Recommended,1467-9663,10.1111/1467-9663.00242
D428A118-EAC8-A1A9-27BF-020A9DA89570,The spaces in between: Mobile policy and the topographies and topologies of the technocracy,article,0263-7758,Environment and Planning D: Society and Space,http://readinglists.ucl.ac.uk/items/D428A118-EAC8-A1A9-27BF-020A9DA89570.html,AEDE270D-2CDE-A8DD-D05F-2D85E0F4FEA1:Recommended,1472-3433,10.1177/0263775815618401
D7A613ED-172B-BE5B-DBA7-558453A8476F,The Changing Pattern of Ethnic Segregation in Great Britain,article,,,http://readinglists.ucl.ac.uk/items/D7A613ED-172B-BE5B-DBA7-558453A8476F.html,2F2A7E4B-B152-BF2B-F545-9CA96493F756:Optional,,
DAB0F702-CA39-032E-52FC-5C35DDCB9A73,Crowd-sourcing the smart city: Using big geosocial media metrics in urban governance,article,2053-9517,Big Data &amp; Society,http://readinglists.ucl.ac.uk/items/DAB0F702-CA39-032E-52FC-5C35DDCB9A73.html,AEDE270D-2CDE-A8DD-D05F-2D85E0F4FEA1:Optional,2053-9517,10.1177/2053951717694384
DAC191BA-2FC4-FD67-D90F-DEA6FCB5D5B1,Kernels and Density Estimation,article,,Geographic Information Science &amp; Technology Body of Knowledge,http://readinglists.ucl.ac.uk/items/DAC191BA-2FC4-FD67-D90F-DEA6FCB5D5B1.html,14F7EC69-3236-486A-5D3B-01B939E718AE:Optional,25772848,10.22224/gistbok/2020.1.12
DC28510A-CA91-6C19-C8CE-7CC09BC4447B,"Ethnographic Evidence, Heterogeneity, and Neighbourhood Effects After Moving to Opportunity",chapter,,Neighbourhood effects research: new perspectives,http://readinglists.ucl.ac.uk/items/DC28510A-CA91-6C19-C8CE-7CC09BC4447B.html,2F2A7E4B-B152-BF2B-F545-9CA96493F756:Recommended,,
DC356AFF-C9CD-FE1F-CF84-437E5143058C,Unpacking European Living Labs: Analysing Innovation’s Social Dimensions,article,1802-4866,Central European Journal of Public Policy,http://readinglists.ucl.ac.uk/items/DC356AFF-C9CD-FE1F-CF84-437E5143058C.html,AEDE270D-2CDE-A8DD-D05F-2D85E0F4FEA1:Optional,,
DDF69904-7EDF-11A6-3DA7-E83D94A04021,Do Physicists Have Geography Envy? And What Can Geographers Learn from It?,article,0004-5608,Annals of the Association of American Geographers,http://readinglists.ucl.ac.uk/items/DDF69904-7EDF-11A6-3DA7-E83D94A04021.html,14F7EC69-3236-486A-5D3B-01B939E718AE:Essential,1467-8306,10.1080/00045608.2015.1039105
DFA75016-9727-6F5B-1278-685ECCC8EA64,Kernels and Density Estimation,article,,Geographic Information Science &amp; Technology Body of Knowledge,http://readinglists.ucl.ac.uk/items/DFA75016-9727-6F5B-1278-685ECCC8EA64.html,14F7EC69-3236-486A-5D3B-01B939E718AE:Optional,25772848,10.22224/gistbok/2020.1.12
DFE01FF9-F300-9231-E01C-19BF88EA9AE0,The limits of crisis data: analytical and ethical challenges of using social and mobile data to understand disasters,article,0343-2521,GeoJournal,http://readinglists.ucl.ac.uk/items/DFE01FF9-F300-9231-E01C-19BF88EA9AE0.html,14F7EC69-3236-486A-5D3B-01B939E718AE:Optional,1572-9893,10.1007/s10708-014-9597-z
DFE4DE56-23F5-6015-1789-5E1AD92B343C,Cities or urbanization?,article,1360-4813,City,http://readinglists.ucl.ac.uk/items/DFE4DE56-23F5-6015-1789-5E1AD92B343C.html,2F2A7E4B-B152-BF2B-F545-9CA96493F756:Optional,1470-3629,10.1080/13604819608900022
E03130AB-B36D-5079-827F-821F9C49E843,What Problem? Spatial Autocorrelation and Geographic Information Science,article,,Geographical Analysis,http://readinglists.ucl.ac.uk/items/E03130AB-B36D-5079-827F-821F9C49E843.html,F66757BF-E61E-B8BB-95A0-1F25B51E3818,,10.1111/j.1538-4632.2009.00769.x
E06933D6-DE26-9B5C-2B32-DA3F002544D9,Triangulation of the the Triple Helix: A conceptual Framework,document,,,http://readinglists.ucl.ac.uk/items/E06933D6-DE26-9B5C-2B32-DA3F002544D9.html,AEDE270D-2CDE-A8DD-D05F-2D85E0F4FEA1:Optional,,
E300C989-FB59-99C6-97B8-13AB98C230E5,"Geodemographics, Software and Class",article,0038-0385,Sociology,http://readinglists.ucl.ac.uk/items/E300C989-FB59-99C6-97B8-13AB98C230E5.html,AEDE270D-2CDE-A8DD-D05F-2D85E0F4FEA1:Optional,1469-8684,10.1177/0038038506067507
E37D670B-551F-9D10-691B-A6F49BA52901,Sustainable Urban Forms,article,0739-456X,Journal of Planning Education and Research,http://readinglists.ucl.ac.uk/items/E37D670B-551F-9D10-691B-A6F49BA52901.html,2F2A7E4B-B152-BF2B-F545-9CA96493F756:Optional,1552-6577,10.1177/0739456X05285119
E3B4EE5F-383F-9584-D4E1-8103D20EFD15,"The Size, Scale, and Shape of Cities",article,0036-8075,Science,http://readinglists.ucl.ac.uk/items/E3B4EE5F-383F-9584-D4E1-8103D20EFD15.html,2F2A7E4B-B152-BF2B-F545-9CA96493F756:Recommended,1095-9203,10.1126/science.1151419
E52CA9B4-F489-3869-565C-AEAADEDAFFA5,"Personal Fabrication: Fab Labs as Platforms for Citizen-Based Innovation, from Microcontrollers to Cities",article,1590-5896,Nexus Network Journal,http://readinglists.ucl.ac.uk/items/E52CA9B4-F489-3869-565C-AEAADEDAFFA5.html,AEDE270D-2CDE-A8DD-D05F-2D85E0F4FEA1:Optional,1522-4600,10.1007/s00004-012-0131-7
E54D7E5A-23C9-9086-4218-2DF75A95F0BC,Modelling spatial point patterns in R,article,,"Case Studies in Spatial Point Pattern Modelling. Lecture Notes in Statistics 185, 23–74",http://readinglists.ucl.ac.uk/items/E54D7E5A-23C9-9086-4218-2DF75A95F0BC.html,F66757BF-E61E-B8BB-95A0-1F25B51E3818,,10.1007/0-387-31144-0
E610EEAD-4E82-4994-B4F6-5C883A275080,Projections,chapter,,International Encyclopedia of Human Geography,http://readinglists.ucl.ac.uk/items/E610EEAD-4E82-4994-B4F6-5C883A275080.html,F66757BF-E61E-B8BB-95A0-1F25B51E3818,,
E79C1837-7922-79E8-CCB8-58F89A69F5D5,Generating cities from the bottom-up: Using complexity theory for effective design,document,,,http://readinglists.ucl.ac.uk/items/E79C1837-7922-79E8-CCB8-58F89A69F5D5.html,2F2A7E4B-B152-BF2B-F545-9CA96493F756:Recommended,,
E8543CA0-0798-6905-6FB1-B78E7B829E3C,PD 8100 – Smart Cities Overview | BSI Group,webpage,,,http://readinglists.ucl.ac.uk/items/E8543CA0-0798-6905-6FB1-B78E7B829E3C.html,AEDE270D-2CDE-A8DD-D05F-2D85E0F4FEA1:Optional,,
E9338E53-69D9-9A8D-8CE4-375A5EEF7017,Desperately Seeking the Infrastructure in IS Research: Conceptualization of 'Digital Convergence' As Co-Evolution of Social and Technical Infrastructures,article,,2010 43rd Hawaii International Conference on System Sciences,http://readinglists.ucl.ac.uk/items/E9338E53-69D9-9A8D-8CE4-375A5EEF7017.html,AEDE270D-2CDE-A8DD-D05F-2D85E0F4FEA1:Optional,,10.1109/HICSS.2010.141
E9681177-3DF3-04B6-FED4-D33668B314A9,"Smart cities, epistemic communities, advocacy coalitions and the `last mile' problem",article,1611-2776,it - Information Technology,http://readinglists.ucl.ac.uk/items/E9681177-3DF3-04B6-FED4-D33668B314A9.html,AEDE270D-2CDE-A8DD-D05F-2D85E0F4FEA1:Recommended,2196-7032,10.1515/itit-2017-0004
E983E97A-91D5-A65D-8F92-C74F9D6A278D,Spatial Point Pattern Analysis and Its Application in Geographical Epidemiology,article,,Transactions of the Institute of British Geographers,http://readinglists.ucl.ac.uk/items/E983E97A-91D5-A65D-8F92-C74F9D6A278D.html,F66757BF-E61E-B8BB-95A0-1F25B51E3818:Recommended,,
E9BFC4C5-CBDC-E4F8-6D30-5EC1925300EA,Smart City Reference Model: Assisting Planners to Conceptualize the Building of Smart City Innovation Ecosystems,article,1868-7865,Journal of the Knowledge Economy,http://readinglists.ucl.ac.uk/items/E9BFC4C5-CBDC-E4F8-6D30-5EC1925300EA.html,AEDE270D-2CDE-A8DD-D05F-2D85E0F4FEA1:Optional,1868-7873,10.1007/s13132-012-0089-4
E9D57664-DC8B-71F2-B611-D2D6A261B00E,The Planner's Triangle Revisited: Sustainability and the Evolution of a Planning Ideal That Can't Stand Still,article,0194-4363,Journal of the American Planning Association,http://readinglists.ucl.ac.uk/items/E9D57664-DC8B-71F2-B611-D2D6A261B00E.html,2F2A7E4B-B152-BF2B-F545-9CA96493F756:Recommended,1939-0130,10.1080/01944363.2016.1214080
EB7E8095-5F94-DA07-E686-9C17AB939645,The ethics of smart cities and urban science,article,1364-503X,"Philosophical Transactions of the Royal Society A: Mathematical, Physical and Engineering Sciences",http://readinglists.ucl.ac.uk/items/EB7E8095-5F94-DA07-E686-9C17AB939645.html,AEDE270D-2CDE-A8DD-D05F-2D85E0F4FEA1:Recommended,1471-2962,10.1098/rsta.2016.0115
EBDBFADD-3335-F43B-FB65-0AC131B33B24,Urban planning and building smart cities based on the Internet of Things using Big Data analytics,article,13891286,Computer Networks,http://readinglists.ucl.ac.uk/items/EBDBFADD-3335-F43B-FB65-0AC131B33B24.html,AEDE270D-2CDE-A8DD-D05F-2D85E0F4FEA1:Optional,,10.1016/j.comnet.2015.12.023
EC88E36F-F4F3-AEF8-75EC-C7B704877AAA,Citizen-centric data services for smarter cities,article,0167739X,Future Generation Computer Systems,http://readinglists.ucl.ac.uk/items/EC88E36F-F4F3-AEF8-75EC-C7B704877AAA.html,AEDE270D-2CDE-A8DD-D05F-2D85E0F4FEA1:Optional,,10.1016/j.future.2016.10.031
EF3D4D03-2D72-308B-79C3-67996101E446,The R software environment in reproducible geoscientific research,article,0096-3941,"Eos, Transactions American Geophysical Union",http://readinglists.ucl.ac.uk/items/EF3D4D03-2D72-308B-79C3-67996101E446.html,F66757BF-E61E-B8BB-95A0-1F25B51E3818,2324-9250,10.1029/2012EO160003
EF875DF4-98B1-A280-CF2B-5EA6AC60CE92,PAS 181 – Smart Cities Framework | BSI Group,webpage,,,http://readinglists.ucl.ac.uk/items/EF875DF4-98B1-A280-CF2B-5EA6AC60CE92.html,AEDE270D-2CDE-A8DD-D05F-2D85E0F4FEA1:Optional,,
F050A486-3AF9-BE73-B77A-4F5FE70FB0CC,The Origins of Scaling in Cities,article,0036-8075,Science,http://readinglists.ucl.ac.uk/items/F050A486-3AF9-BE73-B77A-4F5FE70FB0CC.html,2F2A7E4B-B152-BF2B-F545-9CA96493F756:Optional,1095-9203,10.1126/science.1235823
F0623B98-C98E-3BAC-9D35-E36C45282AD0,Citizen Driven Innovation,document,,,http://readinglists.ucl.ac.uk/items/F0623B98-C98E-3BAC-9D35-E36C45282AD0.html,AEDE270D-2CDE-A8DD-D05F-2D85E0F4FEA1:Optional,,
F359B313-C0C3-8DBF-958E-557C0F7B8F71,A New Tool for Epidemiology: The Usefulness of Dynamic-Agent Models in Understanding Place Effects on Health,article,0002-9262,American Journal of Epidemiology,http://readinglists.ucl.ac.uk/items/F359B313-C0C3-8DBF-958E-557C0F7B8F71.html,2F2A7E4B-B152-BF2B-F545-9CA96493F756:Optional,1476-6256,10.1093/aje/kwn118
F49089B3-1F78-44C9-E464-3E8EE0BC6043,Defining urban agglomerations to detect agglomeration economies,article,,,http://readinglists.ucl.ac.uk/items/F49089B3-1F78-44C9-E464-3E8EE0BC6043.html,2F2A7E4B-B152-BF2B-F545-9CA96493F756:Recommended,,
F5352D85-ED3C-9D86-6DFF-A97C736BB0EF,Smart city standards and publications | BSI Group,webpage,,,http://readinglists.ucl.ac.uk/items/F5352D85-ED3C-9D86-6DFF-A97C736BB0EF.html,AEDE270D-2CDE-A8DD-D05F-2D85E0F4FEA1:Optional,,
F5595621-31A2-1272-4605-B8576A4C0F05,Crowdfunding for the development of smart cities,article,00076813,Business Horizons,http://readinglists.ucl.ac.uk/items/F5595621-31A2-1272-4605-B8576A4C0F05.html,AEDE270D-2CDE-A8DD-D05F-2D85E0F4FEA1:Optional,,10.1016/j.bushor.2017.12.001
F56AFB96-36B9-CE84-A816-D3F1142846BE,50 Years of Data Science,article,1061-8600,Journal of Computational and Graphical Statistics,http://readinglists.ucl.ac.uk/items/F56AFB96-36B9-CE84-A816-D3F1142846BE.html,14F7EC69-3236-486A-5D3B-01B939E718AE:Recommended,1537-2715,10.1080/10618600.2017.1384734
F5D42C8D-4C1D-7F1C-39F0-5CA2CC4DC252,9 A time-geographic simulation model of individual activity programmes,chapter,,Timing space and spacing time: Vol.2: Human activity and time geography,http://readinglists.ucl.ac.uk/items/F5D42C8D-4C1D-7F1C-39F0-5CA2CC4DC252.html,2F2A7E4B-B152-BF2B-F545-9CA96493F756:Optional,,
F8B0E3CD-FBB3-673F-DEDB-A8003131BDD2,Smart cities Ranking of European medium-sized cities,document,,,http://readinglists.ucl.ac.uk/items/F8B0E3CD-FBB3-673F-DEDB-A8003131BDD2.html,AEDE270D-2CDE-A8DD-D05F-2D85E0F4FEA1:Optional,,
FA7A66A1-9DE9-B781-6EA5-7145D5AA85AC,Brief introductory guide to agent-based modeling and an illustration from urban health research,article,,Cadernos de Saúde Pública,http://readinglists.ucl.ac.uk/items/FA7A66A1-9DE9-B781-6EA5-7145D5AA85AC.html,2F2A7E4B-B152-BF2B-F545-9CA96493F756:Optional,0102-311X,10.1590/0102-311X00051615
FA92BE34-FDE4-8B5D-4D7F-B697AA486865,Equilibrium values and dynamics of attractiveness terms in production-constrained spatial-interaction models,article,0308-518X,Environment and Planning A,http://readinglists.ucl.ac.uk/items/FA92BE34-FDE4-8B5D-4D7F-B697AA486865.html,A6D7ED9B-ABF0-F08D-060D-726808C7AF2D,1472-3409,10.1068/a100371
FB786134-C1E1-35DD-5F0B-D2B274F13AE6,Comparative Urbanism: New Geographies and Cultures of Theorizing the Urban,article,,International Journal of Urban and Regional Research,http://readinglists.ucl.ac.uk/items/FB786134-C1E1-35DD-5F0B-D2B274F13AE6.html,2F2A7E4B-B152-BF2B-F545-9CA96493F756:Optional,,10.1111/1468-2427.12273
FD9A407F-E6B8-A609-0E5B-BFCBAAB72774,Critical GIS pedagogies beyond ‘Week 10: Ethics’,article,1365-8816,International Journal of Geographical Information Science,http://readinglists.ucl.ac.uk/items/FD9A407F-E6B8-A609-0E5B-BFCBAAB72774.html,14F7EC69-3236-486A-5D3B-01B939E718AE:Essential,1362-3087,10.1080/13658816.2017.1334892
FF406E5B-CA1A-8CDC-C167-4339CF3F21B6,Retheorizing Economic Geography: From the Quantitative Revolution to the “Cultural Turn”,article,0004-5608,Annals of the Association of American Geographers,http://readinglists.ucl.ac.uk/items/FF406E5B-CA1A-8CDC-C167-4339CF3F21B6.html,14F7EC69-3236-486A-5D3B-01B939E718AE:Optional,1467-8306,10.1111/0004-5608.00258
